:1000000007C1000036C1000034C1000032C1000049
:1000100030C100002EC100002CC100002AC1000028
:1000200028C1000026C1000024C1000022C1000038
:1000300020C100001EC100001CC100001AC1000048
:1000400018C1000016C1000014C1000012C1000058
:1000500010C100000EC100000CC100000C9430481B
:1000600008C100000C94274C0C945D4C02C10000A8
:1000700000C10000FEC00000FCC00000FAC000008B
:10008000F8C00000F6C00000F4C00000F2C000009C
:100090000C94B34C0C94E94CECC00000EAC0000096
:1000A000E8C00000E6C00000E4C00000E2C00000BC
:1000B000E0C00000DEC00000DCC00000DAC00000CC
:1000C000D8C00000D6C000000C949D430C943F4D56
:1000D0000C94754DCEC000000C94CB4D0C94014E89
:1000E000C8C0000005A84CCDB2D44EB93836A9021C
:1000F0000C50B9918688083CA6AAAA2ABE00000026
:10010000803F00000A0B02090C0D0E0807030401D2
:1001100000000000000000000000000000000000DF
:1001200000000000000000000000000000001211AC
:1001300010000000000000000000000000000000AF
:10014000000000000000000001021020200808103C
:100150002040102040800201020108040201010237
:100160000408102040808040201008040201800410
:10017000020180402010080402010804020101026B
:10018000040810204080010204081020408005056A
:100190000505070508080808020202020A0A0808FD
:1001A000040404040101010101010101030303032B
:1001B00003030303040707070C0C0C0C0C0C0C0CBA
:1001C0000202020206060606060606060B0B0B0BCB
:1001D0000B0B0B0B00002200250028002B002E002B
:1001E0003100340002010000050108010B0100008C
:1001F0002100240027002A002D00300033000101D7
:100200000000040107010A01864C124D9E4D2A4E42
:1002100011241FBECFEFD1E2DEBFCDBF00E00CBF87
:1002200015E0A0E0B2E0EAEFFDE900E00BBF02C09C
:1002300007900D92A03EB107D9F725E1A0EEB5E0F9
:1002400001C01D92A03FB207E1F711E0C8E0D1E084
:1002500000E006C021970109802FFE010E94CA4ECE
:10026000C430D10780E00807A9F70E948A440C94A3
:10027000FB4EC6CECF93DF93882349F0EB0181502C
:100280000E94374999838883DF91CF910895FB01BC
:1002900011821082F9CF0F931F938B019C0183E091
:1002A00036952795179507958A95D1F707511A4FD7
:1002B000462F477021E030E0F90102C0EE0FFF1F2A
:1002C0004A95E2F7AF01F80120812423CB01019682
:1002D000211102C090E080E01F910F9108950F93CB
:1002E0001F938B019C0183E0369527951795079501
:1002F0008A95D1F7677081E090E001C0880F6A9518
:10030000EAF7F801E751FA4F2081452B31F4809547
:10031000822380831F910F910895822BFACFCF9271
:10032000DF92EF92FF92CF93DF936B017C0160E04D
:1003300086E3C816D104E104F10490F486E38C0D41
:100340000E94944AE6012196AE01C701B601C7DFBB
:10035000CE01DF91CF91FF90EF90DF90CF90089585
:100360008C2DEECF882341F08150682F70E090E013
:1003700080E050E040E0B3CF0895CF93282F88234A
:10038000E1F0CB01BA01CFEFC20FEC2FF0E0EE505D
:10039000FA4F2081213059F490580E948C459B01DE
:1003A000AC016C2F70E090E080E0CF91A2C00E9481
:1003B00087458C2FCF910C945A49CF9108950F9374
:1003C0001F938B019C0183E0369527951795079520
:1003D0008A95D1F700521A4F462F477021E030E03E
:1003E000F90102C0EE0FFF1F4A95E2F7AF01F801D5
:1003F00020812423CB010196211102C090E080E0EE
:100400001F910F9108950F931F938B019C0183E01F
:1004100036952795179507958A95D1F7677081E0EE
:1004200090E001C0880F6A95EAF7F801E052FA4FB0
:100430002081452B31F48095822380831F910F9179
:100440000895822BFACF4F925F926F927F928F9294
:100450009F92AF92BF92CF92DF92EF92FF920F9353
:100460001F93CF93DF934B015C0129013A01670190
:1004700061E0882D0E94944AE4012196AE01C501F5
:10048000B401C1DF20E030E0A901C801B6010E943B
:10049000444718168CF4F401EE50FA4F81E0808343
:1004A000C801B6010E948C456B01C301B2010E94D4
:1004B0008C45A601C40121D0CE01DF91CF911F91BF
:1004C0000F91FF90EF90DF90CF90BF90AF909F90F3
:1004D0008F907F906F905F904F900895882341F0A8
:1004E0008150682F70E090E080E050E040E08BCFDA
:1004F0000895862FB9010C945A499C01FC01EE5FC6
:10050000FE4FE491E150E231E0F4F0E08827E45757
:10051000FD4F8F4F0C94CA4E9E02A502A802BF0247
:10052000D402A102E902F502F902100325033A03FD
:1005300051036603A1027B039203A70384B580687D
:1005400084BD60E0822F0C94D04A84B58062F8CFDD
:10055000809180008C7F82608093800080918100F8
:10056000807E8061682B6093810050938700409368
:10057000860080918000806880938000E2CF809127
:1005800080008C7F82608093800080918100807EDB
:100590008061682B609381005093870040938600B0
:1005A000809180008062E8CF809180008C7F8260A3
:1005B0008093800080918100807E8061682B6093B1
:1005C000810050938700409386008091800088606E
:1005D000D3CF8091B00080688093B0008091B1004B
:1005E000887F682B6093B100ACCF8091B0008062AF
:1005F000F3CF809190008C7F8260809390008091F7
:100600009100807E8061682B6093910050939700E9
:10061000409396008091900080688093900091CFE5
:10062000809190008C7F82608093900080919100F7
:10063000807E8061682B6093910050939700409377
:100640009600809190008062E8CF809190008C7F2E
:1006500082608093900080919100807E8061682B01
:100660006093910050939700409396008091900082
:100670008860D3CF8091A0008C7F82608093A0009F
:100680008091A100807E8061682B6093A1005093CF
:10069000A7004093A6008091A00080688093A000EE
:1006A00050CF8091A0008C7F82608093A0008091C9
:1006B000A100807E8061682B6093A1005093A70009
:1006C0004093A6008091A0008062E8CF8091A000B6
:1006D0008C7F82608093A0008091A100807E8061E9
:1006E000682B6093A1005093A7004093A6008091CF
:1006F000A0008860D3CF809120018C7F826080939E
:10070000200180912101807E8061682B609321010E
:1007100050932701409326018091200180688093A7
:1007200020010FCF809120018C7F82608093200177
:1007300080912101807E8061682B6093210150931C
:10074000270140932601809120018062E8CF8091AB
:1007500020018C7F82608093200180912101807E26
:100760008061682B609321015093270140932601FB
:10077000809120018860D3CF90E080E008950F93AE
:100780001F93009709F48AC06115710509F486C0AA
:100790000091DA041091DB042091DC043091DD0437
:1007A0000E3F1F4F2F4F3F4F09F06AC0DB014D91A5
:1007B0005D916D917C914093DA045093DB046093DA
:1007C000DC047093DD044091DA045091DB04609105
:1007D000DC047091DD04DC011296ED91FC918081C6
:1007E0009181A281B38180939D0790939E07A093EE
:1007F0009F07B093A00784819581A681B7818093DC
:10080000990790939A07A0939B07B0939C078085C4
:100810009185A285B3858093950790939607A093C1
:100820009707B093980784859585A685B7858093AB
:10083000910790939207A0939307B0939407109217
:100840008D0710928E0710928F07109290070E94CA
:100850003E2783E697E2909339068093380690937B
:100860003B0680933A060E941D26009731F421E052
:1008700030E03093A2072093A1071F910F910895B4
:100880000091DA041091DB042091DC043091DD0446
:10089000FB01008311832283338395CF8FEF9FEF7A
:1008A000ECCF8F929F92AF92BF92CF92DF92EF9256
:1008B000FF921F93CF93DF934B015C011091A4072C
:1008C00082E090E09093A2078093A10781149104A5
:1008D000A104B10441F48091A407811104C0809166
:1008E000A307C1E08111C0E0C12CD12C7601809119
:1008F000A407811106C08091A307811102C0CC23F7
:10090000D9F083E090E09093A2078093A107CC23D5
:1009100081F1CCE9DFEF111102C00E94C82ACE019B
:10092000DF91CF911F91FF90EF90DF90CF90BF901C
:10093000AF909F908F9008956AE070E080E090E023
:100940000E949F4880E1C80E87E2D81EE11CF11C7E
:100950008FEF88169806A806B80631F0C1E08C140F
:100960009D04AE04BF0408F0C0E080E00E94612650
:10097000BECFD0E0C0E0CFCFCF92DF92EF92FF9218
:100980000F931F93CF93DF938F3F910511F008F0E2
:1009900051C02091A1073091A2072330310539F0D1
:1009A0002091A1073091A2072130310531F424E0D4
:1009B00030E03093A2072093A1076A017B01EC018C
:1009C00082309105A8F011E0AE01C701B6010E9486
:1009D0001C26AB01BC01CE011123F9F0DF91CF91B0
:1009E0001F910F91FF90EF90DF90CF900C94ED2C22
:1009F0008C01000F111F085C194FD8018D919C913B
:100A0000892B09F30E94F72C0297E9F6D801ED91A2
:100A1000FC91CE011995182FD7CF0E940F2D90E091
:100A200080E0DF91CF911F910F91FF90EF90DF90C9
:100A3000CF9008958FEF9FEFF4CF80E00C94612664
:100A4000CF93DF9386E090E09093A2078093A10775
:100A50000E94BA26EC01E8E3F6E084E0DF011D9293
:100A60008A95E9F70E94602A1092A2071092A107C6
:100A7000CE01DF91CF9108958091A30708958091D1
:100A80008C0708956093DA047093DB048093DC0490
:100A90009093DD0490E080E0089560E070E080E8ED
:100AA0009FE7089560E070E080E89FE7089560E0C8
:100AB00070E080E89FEF089560E070E080E89FEFCD
:100AC000089560E070E080EC9FEF089560E070E0D2
:100AD00080EC9FEF0895F5DF6093E5117093E611C8
:100AE0008093E7119093E811F1DF6093D91170932F
:100AF000DA118093DB119093DC11CFDF6093E11169
:100B00007093E2118093E3119093E411CBDF609333
:100B1000DD117093DE118093DF119093E011C7DF38
:100B20006093E9117093EA118093EB119093EC11AB
:100B3000C3DF6093ED117093EE118093EF119093EA
:100B4000F0110895CF92DF92EF92FF92CF936B0155
:100B50007C01AC019B016091E1117091E2118091E7
:100B6000E3119091E4110E948045C1E0882371F067
:100B7000A70196016091E9117091EA118091EB1142
:100B80009091EC110E9480458111C0E08C2FCF9193
:100B9000FF90EF90DF90CF9008950F931F938B01FC
:100BA0009C010027112720783F7701151105204867
:100BB0003F4749F4AB01BC016F77772781E0452BB4
:100BC000462B472B09F480E01F910F910895E5CF44
:100BD000CF92DF92EF92FF920F931F9369017A01F8
:100BE000DB01AA0FBB1FA00FB11FED91FC91119764
:100BF00012962D913C91032E000C440B550BCF0106
:100C00000F2E000CAA0BBB0B281B390B4A0B5B0BDE
:100C1000C701B6010E94854E8E0F9F1F1F910F9135
:100C2000FF90EF90DF90CF900895CF92DF92EF92F8
:100C3000FF92CF93DF93EA01CC24CA94DC2C760197
:100C4000F901C082D182E282F38220E030E0A90182
:100C50000E94444787FD13C080E090E0A0E8BFE316
:100C600088839983AA83BB831C821D821E821F8274
:100C7000DF91CF91FF90EF90DF90CF900895188291
:100C800019821A821B8280E090E0A0E8BFE38C8387
:100C90009D83AE83BF83ECCF2F923F924F925F92A2
:100CA0006F927F928F929F92AF92BF92CF92DF927C
:100CB000EF92FF920F931F93CF93DF93CDB7DEB7E1
:100CC00068970FB6F894DEBF0FBECDBFE0915E0708
:100CD000F0915F07608171818281938160939D12A1
:100CE00070939E1280939F129093A01220914C02B9
:100CF00030914D0240914E0250914F020E94484760
:100D000020E030E040E857E40E9448470E94F54563
:100D10006093A5137093A6138093A7139093A813C1
:100D200056DF882311F40C945D101092A5131092D5
:100D3000A6131092A7131092A813C090A513D090D9
:100D4000A613E090A713F090A81320E030E0A901CB
:100D5000C701B6010E94804587FD02C00C94821035
:100D6000C701B60190580E948C45EE24FF24E61A74
:100D7000F70AA0904C04B0904D04C0905004D0905D
:100D8000510480914E0490914F048E159F0510F4EC
:100D90000C948910C501AE14BF0410F00C9492108D
:100DA000C7018A199B099A83898340915204509103
:100DB00053042091540430915504241B350B898130
:100DC0009A81841B950BB9010E94944E6032710583
:100DD00010F00C9496102B01712C612CB0E0A0E067
:100DE0007727662750E040E00E94A84E08EC13E009
:100DF000C301B201EDDEAE14BF0430F4EC14FD0407
:100E000018F4919581959109BC01990F880B990B64
:100E10000E94BA4520E030E040E858E30E9448478D
:100E20002091500230915102409152025091530250
:100E30000E944847209148023091490240914A025D
:100E400050914B020E941C456093B9137093BA13E2
:100E50008093BB139093BC13209158023091590298
:100E600040915A0250915B0260915C0270915D0268
:100E700080915E0290915F020E94484760937512D4
:100E800070937612809377129093781220919D122E
:100E900030919E1240919F125091A01260916C026D
:100EA00070916D0280916E0290916F020E9448478E
:100EB00020E030E040E857E40E9448470E94F545B2
:100EC0006093A5137093A6138093A7139093A81310
:100ED0007EDE882311F40C94A1101092A5131092B9
:100EE000A6131092A7131092A813C090A513D09028
:100EF000A613E090A713F090A81320E030E0A9011A
:100F0000C701B6010E94804587FD02C00C94C6103F
:100F1000C701B60190580E948C45CC24DD24C61A26
:100F2000D70ADA82C982A0909404B0909504AC14D8
:100F3000BD0428F4C6018A199B099A838983898193
:100F40009A8120919604309197042817390728F444
:100F50009501281B390B3A832983409198045091BD
:100F6000990420919A0430919B04241B350B8981AC
:100F70009A81841B950BB9010E94944E60327105D1
:100F800010F00C94CD102B01712C612CB0E0A0E07E
:100F90007727662750E040E00E94A84E0AE014E060
:100FA000C301B20115DE8C01AC14BD0418F4119517
:100FB00001951109209178023091790240917A02CD
:100FC00050917B0260917C0270917D0280917E0243
:100FD00090917F020E9448474B015C0180927912F8
:100FE00090927A12A0927B12B0927C122091800291
:100FF000309181024091820250918302609184027B
:101000007091850280918602909187020E944847E4
:101010002B013C0140927D1250927E1260927F1211
:1010200070928012209188023091890240918A0248
:1010300050918B0260918C0270918D0280918E0292
:1010400090918F020E9448476B017C01C0928112EF
:10105000D0928212E0928312F09284128FEF9FEF6F
:10106000DC0180937D1590937E15A0937F15B0933E
:1010700080152091B9133091BA134091BB13509150
:10108000BC13609154027091550280915602909168
:1010900057020E94484760935D1270935E128093DE
:1010A0005F12909360128091751290917612A091C8
:1010B0007712B09178128093611290936212A0938C
:1010C0006312B0936412B801110F880B990B0E9440
:1010D000BA4520E030E040E858E30E9448472091BC
:1010E00070023091710240917202509173020E941D
:1010F0004847209168023091690240916A025091FC
:101100006B020E941C45209164023091650240915F
:101110006602509167020E941C4520916002309146
:10112000610240916202509163020E941C4520912D
:1011300074023091750240917602509177020E94BC
:10114000484760936512709366128093671290937C
:101150006812C701B6010E9484456B877C878D8722
:101160009E87C701B6010E94AB476B017C01C3019A
:10117000B2010E9484456F83788789879A8760933C
:10118000A9137093AA138093AB139093AC13C3016C
:10119000B2010E94AB476F87788B898B9A8B6093E3
:1011A000AD137093AE138093AF139093B013C5013A
:1011B000B4010E9484452B013C014092B11350922E
:1011C000B2136092B3137092B413C501B4010E94BC
:1011D000AB476B837C838D839E836093B513709341
:1011E000B6138093B7139093B8132F813885498530
:1011F0005A856B857C858D859E850E9448476093C6
:10120000391270933A1280933B1290933C122F85BF
:10121000388949895A896B857C858D859E850E9490
:1012200048474B015C01AC019B016B817C818D8146
:101230009E810E9448476B8B7C8B8D8B9E8BA3017C
:101240009201C701B6010E9448479B01AC016B891E
:101250007C898D899E890E941B45609345127093FD
:1012600046128093471290934812A5019401C3013E
:10127000B2010E9448474B015C012B813C814D81AA
:101280005E81C701B6010E9448479B01AC01C501C0
:10129000B4010E941C4560935112709352128093C6
:1012A0005312909354122F81388549855A85C7016E
:1012B000B6010E94484760933D1270933E1280939E
:1012C0003F12909340122F85388949895A89C70166
:1012D000B6010E9448476B017C01C092BD13D092B9
:1012E000BE13E092BF13F092C013AC019B016B815F
:1012F0007C818D819E810E9448474B015C01A30146
:1013000092016B857C858D859E850E9448479B0157
:10131000AC01C501B4010E941C4560934912709351
:101320004A1280934B1290934C12A7019601C3016D
:10133000B2010E9448476B017C012B813C814D81A9
:101340005E816B857C858D859E850E9448479B01CB
:10135000AC01C701B6010E941B4560935512709302
:10136000561280935712909358128F859889A989A5
:10137000BA89B0588093411290934212A0934312BD
:10138000B09344122B813C814D815E816F817885C1
:1013900089859A850E94484760934D1270934E123A
:1013A00080934F1290935012A30192016F81788520
:1013B00089859A850E9448476093591270935A1202
:1013C00080935B1290935C128FE295E09C838B83F9
:1013D000A7E1B5E0BC8BAB8BEDE8F3E1F88BEF87D1
:1013E00081EF282E81E1382EAB81BC81CD90DD903C
:1013F000ED90FD90BC83AB83C701B6010E9484458C
:1014000024EA30E74DE35EE30E944847F101608340
:10141000718382839383C701B6010E94AB4724EA9C
:1014200030E74DE35EE30E944847D10114966D9387
:101430007D938D939C931797F101108611861286E8
:101440001386AB89BC89CD90DD90ED90FD90BC8B6F
:10145000AB8BC701B6010E9484452AE939E949E10D
:101460005EE30E9448476F83788789879A87C70120
:10147000B6010E94AB472AE939E949E15EE30E94DF
:1014800048476B877C878D879E8709E312E1388EFA
:101490002F8A78010C5F1F4FEF89F88D8190919012
:1014A000A190B190F88FEF8BD7011C962D913D91B3
:1014B0004D915C911F976B857C858D859E850E94E3
:1014C00048472B013C01F701208131814281538142
:1014D0006F81788589859A850E9448479B01AC0178
:1014E000C301B2010E941C456B017C0120E030E089
:1014F000A901D80154966D917D918D919C9157973A
:101500000E9448479B01AC01C701B6010E941C45DF
:10151000F80120A131A142A153A10E941C45A501BF
:1015200094010E941B45D8019C966D937D938D93E9
:101530009C939F97E5E4F2E1E017F10709F0A9CF4A
:101540006091691270916A1280916B1290916C1285
:1015500080906D1290906E12A0906F12B0907012E9
:10156000C0907112D0907212E0907312F0907412C9
:101570009B01AC010E9448472B013C01A50194014D
:10158000C501B4010E9448479B01AC01C301B201EF
:101590000E941C454B015C01A7019601C701B601E1
:1015A0000E9448479B01AC01C501B4010E941C4543
:1015B0000E94B54721EE3AE744E95EE30E941B45ED
:1015C000AF85B8896D937D938D939D93B88BAF87CD
:1015D000BCE02B0E311CE7E4F5E02B813C81E217E7
:1015E000F30709F001CF8F819885A985BA8580938B
:1015F000A5139093A613A093A713B093A8138B855C
:101600009C85AD85BE858093B9139093BA13A09342
:10161000BB13B093BC1320918D1330918E13409166
:101620008F1350919013609190027091910280916C
:101630009202909193020E944847609385127093A2
:101640008612809387129093881266E370E080E0A0
:1016500090E00E944B019093801480937F1443E0AC
:1016600050E0BE016F5F7F4F0E943A0169817A812D
:1016700090E080E00E94B8456B017C01C092C113EC
:10168000D092C213E092C313F092C4132091E114DC
:101690003091E2144091E3145091E4146091980267
:1016A0007091990280919A0290919B020E94484702
:1016B0004B015C0120919C0230919D0240919E0261
:1016C00050919F02C701B6010E9448479B01AC019F
:1016D000C501B4010E941C456B017C012091E514F9
:1016E0003091E6144091E7145091E8146091A402FF
:1016F0007091A5028091A6029091A7020E9448478E
:101700009B01AC01C701B6010E941C456093891280
:1017100070938A1280938B1290938C122091A8025E
:101720003091A9024091AA025091AB020E94484711
:1017300060938D1270938E1280938F1290939012FB
:1017400060939112709392128093931290939412DB
:101750000091851210918612209187123091881283
:10176000009395121093961220939712309398122B
:101770006093991270939A1280939B1290939C128B
:10178000209191133091921340919313509194139F
:101790006091AC027091AD028091AE029091AF0267
:1017A0000E94484760939D1270939E1280939F12EF
:1017B0009093A0126BE370E080E090E00E944B01F8
:1017C000909378148093771443E050E0BE016F5FEC
:1017D0007F4F0E943A0169817A8190E080E00E9407
:1017E000B8456B017C01C092C513D092C613E0923C
:1017F000C713F092C8132091E9143091EA14409174
:10180000EB145091EC146091B4027091B502809188
:10181000B6029091B7020E9448474B015C012091AB
:10182000B8023091B9024091BA025091BB02C7018F
:10183000B6010E9448479B01AC01C501B4010E945A
:101840001C456B017C012091ED143091EE14409108
:10185000EF145091F0146091C0027091C102809118
:10186000C2029091C3020E9448479B01AC01C7018C
:10187000B6010E941C456093A1127093A21280933E
:10188000A3129093A4122091C4023091C5024091FA
:10189000C6025091C7020E9448476093A5127093F8
:1018A000A6128093A7129093A8126093A912709326
:1018B000AA128093AB129093AC1200919D121091DA
:1018C0009E1220919F123091A0120093AD1210939E
:1018D000AE122093AF123093B0126093B112709396
:1018E000B2128093B3129093B41220919513309159
:1018F000961340919713509198136091C80270917C
:10190000C9028091CA029091CB020E94484760931D
:10191000B5127093B6128093B7129093B8126AE31F
:1019200070E080E090E00E944B01909370148093EF
:101930006F1443E050E0BE016F5F7F4F0E943A0199
:1019400069817A8190E080E00E94B8456B017C015A
:10195000C092C913D092CA13E092CB13F092CC1369
:101960002091F1143091F2144091F3145091F41439
:101970006091D0027091D1028091D2029091D302F5
:101980000E9448474B015C012091D4023091D5025E
:101990004091D6025091D702C701B6010E94484734
:1019A0009B01AC01C501B4010E941C456B017C0187
:1019B0002091F5143091F6144091F7145091F814D9
:1019C0006091DC027091DD028091DE029091DF0275
:1019D0000E9448479B01AC01C701B6010E941C450B
:1019E0006093B9127093BA128093BB129093BC1299
:1019F0002091E0023091E1024091E2025091E30235
:101A00000E9448476093BD127093BE128093BF122C
:101A10009093C0126093C1127093C2128093C3124C
:101A20009093C4120091B5121091B6122091B71282
:101A30003091B8120093C5121093C6122093C712AA
:101A40003093C8126093C9127093CA128093CB125C
:101A50009093CC122091991330919A1340919B133B
:101A600050919C136091E4027091E5028091E6022E
:101A70009091E7020E9448476093CD127093CE1276
:101A80008093CF129093D01269E370E080E090E0F1
:101A90000E944B01909368148093671443E050E0D8
:101AA000BE016F5F7F4F0E943A0169817A8190E0A9
:101AB00080E00E94B8456B017C01C092CD13D092AA
:101AC000CE13E092CF13F092D0132091F9143091FD
:101AD000FA144091FB145091FC146091EC02709147
:101AE000ED028091EE029091EF020E9448474B0177
:101AF0005C012091F0023091F1024091F20250918C
:101B0000F302C701B6010E9448479B01AC01C50121
:101B1000B4010E941C456B017C012091FD143091A1
:101B2000FE144091FF14509100156091F8027091DD
:101B3000F9028091FA029091FB020E9448479B01B2
:101B4000AC01C701B6010E941C456093D11270938D
:101B5000D2128093D3129093D4122091FC02309130
:101B6000FD024091FE025091FF020E94484760939F
:101B7000D5127093D6128093D7129093D812609397
:101B8000D9127093DA128093DB129093DC120091D9
:101B9000CD121091CE122091CF123091D01200931D
:101BA000DD121093DE122093DF123093E012609367
:101BB000E1127093E2128093E3129093E412209169
:101BC0009D1330919E1340919F135091A0136091EB
:101BD00000037091010380910203909103030E941E
:101BE00048476093E5127093E6128093E712909352
:101BF000E81268E370E080E090E00E944B0190936F
:101C0000601480935F1443E050E0BE016F5F7F4F2C
:101C10000E943A0169817A8190E080E00E94B84593
:101C20006B017C01C092D113D092D213E092D313F6
:101C3000F092D413209101153091021540910315B3
:101C400050910415609108037091090380910A0373
:101C500090910B030E9448474B015C0120910C03BB
:101C600030910D0340910E0350910F03C701B6014F
:101C70000E9448479B01AC01C501B4010E941C456C
:101C80006B017C01209105153091061540910715D7
:101C900050910815609114037091150380911603FB
:101CA000909117030E9448479B01AC01C701B60100
:101CB0000E941C456093E9127093EA128093EB1224
:101CC0009093EC12209118033091190340911A035C
:101CD00050911B030E9448476093ED127093EE12DF
:101CE0008093EF129093F0126093F1127093F212BE
:101CF0008093F3129093F4120091E5121091E61282
:101D00002091E7123091E8120093F5121093F61229
:101D10002093F7123093F8126093F9127093FA122D
:101D20008093FB129093FC122091A1133091A21387
:101D30004091A3135091A41360911C0370911D0353
:101D400080911E0390911F030E9448476093FD12EB
:101D50007093FE128093FF129093001367E370E07C
:101D600080E090E00E944B019093581480935714A8
:101D700043E050E0BE016F5F7F4F0E943A016981EE
:101D80007A8190E080E00E94B8456B017C01C092AE
:101D9000D513D092D613E092D713F092D813209196
:101DA000091530910A1540910B1550910C15609151
:101DB00024037091250380912603909127030E94AC
:101DC00048474B015C012091280330912903409141
:101DD0002A0350912B03C701B6010E9448479B017B
:101DE000AC01C501B4010E941C456B017C0120912E
:101DF0000D1530910E1540910F15509110156091F1
:101E000030037091310380913203909133030E942B
:101E100048479B01AC01C701B6010E941C45609375
:101E20000113709302138093031390930413209172
:101E300034033091350340913603509137030E94AB
:101E400048479B01AC012093051330930613409340
:101E50000713509308132093091330930A134093E8
:101E60000B1350930C136091FD127091FE12809130
:101E7000FF129091001360930D1370930E138093D3
:101E80000F13909310132093111330931213409358
:101E90001313509314130E941B456B017C01C092D5
:101EA0001513D0921613E0921713F0921813209185
:101EB0008D1230918E1240918F125091901260913C
:101EC00085127091861280918712909188120E94DB
:101ED0001B456093191370931A1380931B139093EF
:101EE0001C132091A5123091A6124091A712509177
:101EF000A81260919D1270919E1280919F129091F4
:101F0000A0120E941B4560931D1370931E138093B3
:101F10001F13909320132091BD123091BE12409157
:101F2000BF125091C0126091B5127091B61280919B
:101F3000B7129091B8120E941B45609321137093C1
:101F4000221380932313909324132091D512309160
:101F5000D6124091D7125091D8126091CD12709143
:101F6000CE128091CF129091D0120E941B456093A7
:101F70002513709326138093271390932813209191
:101F8000ED123091EE124091EF125091F0126091EB
:101F9000E5127091E6128091E7129091E8120E948A
:101FA0001B456093291370932A1380932B139093EE
:101FB0002C13C0922D13D0922E13E0922F13F09277
:101FC00030132EE935E149EF53E1C701B6010E9414
:101FD0001506C0902D13D0902E13E0902F13F09083
:101FE0003013E894F7F8C0923113D0923213E09294
:101FF0003313F0923413209100023091010240918A
:10200000020250910302C701B6010E944847209185
:102010003C0330913D0340913E0350913F030E94A9
:1020200048474B015C018092D9139092DA13A09239
:10203000DB13B092DC1320913002309131024091D9
:10204000320250913302C701B6010E9448472B016A
:102050003C012091111530911215409113155091AA
:102060001415C501B4010E941B459B01AC01C301BD
:10207000B2010E941C454B015C0180923513909285
:102080003613A0923713B09238134090400350900B
:1020900041036090420370904303A30192010E94A8
:1020A000444718160CF084C04092351350923613F2
:1020B00060923713709238138BC06091A5137091A2
:1020C000A6138091A7139091A8130E94A2058111D5
:1020D0000C9495066091A5137091A6138091A71397
:1020E0009091A81320E030E040E857E40E940F46AA
:1020F0006093A5137093A6138093A7139093A813CE
:102100000C949D06C701B6010E948C457B010C947E
:10211000B906C7018C199D09EC14FD0410F00C944C
:10212000D306C6018E199F090C94D30620E030E037
:1021300041E050E06FE1462E512C612C712C0C9443
:10214000F6066091A5137091A6138091A713909144
:10215000A8130E94A20581110C946D076091A5132C
:102160007091A6138091A7139091A81320E030E0FE
:1021700040E857E40E940F466093A5137093A6139E
:102180008093A7139093A8130C947507C701B60109
:102190000E948C456B010C94910720E030E041E0F7
:1021A00050E09FE1492E512C612C712C0C94CE07EC
:1021B000409044035090450360904603709047035D
:1021C000A3019201C501B4010E94804587FD6CCF37
:1021D000209148033091490340914A0350914B03A9
:1021E000C701B6010E94444718160CF0A6C18091A1
:1021F000380390913903A0913A03B0913B03809347
:10220000A5139093A613A093A713B093A81320919E
:10221000A5133091A6134091A7135091A813609174
:102220004C0370914D0380914E0390914F030E9497
:1022300048476093DD137093DE138093DF13909310
:10224000E0132091F9133091FA134091FB13509150
:10225000FC13CC24CA94DC2C7601C0929915D09240
:102260009A15E0929B15F0929C150E944847609346
:10227000F5137093F6138093F7139093F81366E0B9
:1022800070E080E090E00E94DF018C019093901458
:1022900080938F14C090F513D090F613E090F7134D
:1022A000F090F81320E030E04FE753E4C701B601A7
:1022B0000E94804518160CF449C1C092A513D09213
:1022C000A613E092A713F092A81320E030E0A90132
:1022D0006091A5137091A6138091A7139091A813F4
:1022E0000E94444787FF08C01092A5131092A613BE
:1022F0001092A7131092A8134091A5135091A61302
:102300006091A7137091A813C8010E94BD0160914C
:10231000DD137091DE138091DF139091E013209113
:10232000FD133091FE134091FF1350910014CC2403
:10233000CA94DC2C7601C0929415D0929515E09247
:102340009615F09297150E9448479B01AC01209387
:10235000F1133093F2134093F3135093F4136091FD
:10236000F5137091F6138091F7139091F8130E9472
:102370001B459F776093391370933A1380933B13F7
:1023800090933C1367E070E080E090E00E94DF01F2
:102390008C019093881480938714C090F113D0908F
:1023A000F213E090F313F090F41320E030E04FE7E5
:1023B00053E4C701B6010E94804518160CF4D3C03F
:1023C000C092A513D092A613E092A713F092A8137F
:1023D00020E030E0A9016091A5137091A6138091CF
:1023E000A7139091A8130E94444787FF08C010923A
:1023F000A5131092A6131092A7131092A813409140
:10240000A5135091A6136091A7137091A813C8014A
:102410000E94BD012091ED123091EE124091EF1219
:102420005091F0126091E5127091E6128091E712DE
:102430009091E8120E941B4560933D1370933E13E8
:1024400080933F13909340132DEA35E149E054E126
:102450000E941506C0903D13D0903E13E0903F13AC
:10246000F0904013E894F7F8C0924113D0924213D1
:10247000E0924313F092441320910402309105023C
:102480004091060250910702C701B6010E944847D9
:1024900020915403309155034091560350915703B6
:1024A0000E9448474B015C018092E1139092E21335
:1024B000A092E313B092E4132091340230913502DC
:1024C0004091360250913702C701B6010E94484739
:1024D0002B013C01209115153091161540911715CF
:1024E00050911815C501B4010E941B459B01AC0118
:1024F000C301B2010E941C454B015C01809245134F
:1025000090924613A0924713B092481340905803FC
:102510005090590360905A0370905B03A30192019D
:102520000E944447181664F5409245135092461392
:10253000609247137092481333C080913513909185
:102540003613A0913713B091381359CE80E090E044
:10255000AFE7B3E48093A5139093A613A093A713BA
:10256000B093A813B2CE80E090E0AFE7B3E48093DD
:10257000A5139093A613A093A713B093A81328CFE5
:1025800040905C0350905D0360905E0370905F0329
:10259000A3019201C501B4010E94804587FDC4CF0B
:1025A0002091600330916103409162035091630375
:1025B000C701B6010E94444718160CF0A6C18091CD
:1025C000500390915103A0915203B0915303809313
:1025D000A5139093A613A093A713B093A8132091CB
:1025E000A5133091A6134091A7135091A8136091A1
:1025F00064037091650380916603909167030E9464
:1026000048476093E5137093E6138093E713909324
:10261000E8132091091430910A1440910B14509141
:102620000C14CC24CA94DC2C7601C092A815D0924C
:10263000A915E092AA15F092AB150E944847609345
:10264000051470930614809307149093081468E09F
:1026500070E080E090E00E94DF018C019093A01474
:1026600080939F14C0900514D0900614E090071436
:10267000F090081420E030E04FE753E4C701B601C2
:102680000E94804518160CF449C1C092A513D0923F
:10269000A613E092A713F092A81320E030E0A9015E
:1026A0006091A5137091A6138091A7139091A81320
:1026B0000E94444787FF08C01092A5131092A613EA
:1026C0001092A7131092A8134091A5135091A6132E
:1026D0006091A7137091A813C8010E94BD01609179
:1026E000E5137091E6138091E7139091E813209120
:1026F0000D1430910E1440910F1450911014CC24ED
:10270000CA94DC2C7601C092A315D092A415E09255
:10271000A515F092A6150E9448479B01AC01209395
:1027200001143093021440930314509304146091E5
:1027300005147091061480910714909108140E945A
:102740001B459F776093491370934A1380934B13F3
:1027500090934C1369E070E080E090E00E94DF010C
:102760008C019093981480939714C0900114D0908A
:102770000214E0900314F090041420E030E04FE7DE
:1027800053E4C701B6010E94804518160CF4D3C06B
:10279000C092A513D092A613E092A713F092A813AB
:1027A00020E030E0A9016091A5137091A6138091FB
:1027B000A7139091A8130E94444787FF08C0109266
:1027C000A5131092A6131092A7131092A81340916C
:1027D000A5135091A6136091A7137091A813C80177
:1027E0000E94BD012091D5123091D6124091D7128E
:1027F0005091D8126091CD127091CE128091CF126B
:102800009091D0120E941B4560934D1370934E130C
:1028100080934F13909350132CEB35E149E154E131
:102820000E941506C0904D13D0904E13E0904F13A8
:10283000F0905013E894F7F8C0925113D0925213CD
:10284000E0925313F0925413209108023091090240
:1028500040910A0250910B02C701B6010E944847FD
:1028600020916C0330916D0340916E0350916F0382
:102870000E9448474B015C018092E9139092EA1351
:10288000A092EB13B092EC132091380230913902F0
:1028900040913A0250913B02C701B6010E9448475D
:1028A0002B013C012091191530911A1540911B15EF
:1028B00050911C15C501B4010E941B459B01AC0140
:1028C000C301B2010E941C454B015C01809255136B
:1028D00090925613A0925713B092581340907003E1
:1028E000509071036090720370907303A301920182
:1028F0000E944447181664F540925513509256139F
:10290000609257137092581333C080914513909181
:102910004613A0914713B091481359CE80E090E040
:10292000AFE7B3E48093A5139093A613A093A713E6
:10293000B093A813B2CE80E090E0AFE7B3E4809309
:10294000A5139093A613A093A713B093A81328CF11
:1029500040907403509075036090760370907703F5
:10296000A3019201C501B4010E94804587FDC4CF37
:10297000209178033091790340917A0350917B0341
:10298000C701B6010E94444718160CF0A2C18091FD
:10299000680390916903A0916A03B0916B038093DF
:1029A000A5139093A613A093A713B093A8132091F7
:1029B000A5133091A6134091A7135091A8136091CD
:1029C0007C0370917D0380917E0390917F030E9430
:1029D00048476093ED137093EE138093EF13909339
:1029E000F0132091191430911A1440911B14509136
:1029F0001C14CC24CA94DC2C7601C092B715D0925A
:102A0000B815E092B915F092BA150E944847609344
:102A100015147093161480931714909318146CE087
:102A200070E080E090E00E94DF018C019093B01490
:102A30008093AF14C0901514D0901614E090171422
:102A4000F090181420E030E04FE753E4C701B601DE
:102A50000E94804518160CF445C1C092A513D0926F
:102A6000A613E092A713F092A81320E030E0A9018A
:102A70006091A5137091A6138091A7139091A8134C
:102A80000E94444787FF08C01092A5131092A61316
:102A90001092A7131092A8134091A5135091A6135A
:102AA0006091A7137091A813C8010E94BD016091A5
:102AB000ED137091EE138091EF139091F01320912C
:102AC0001D1430911E1440911F1450912014CC24D9
:102AD000CA94DC2C7601C092B215D092B315E09264
:102AE000B415F092B5150E9448479B01AC012093A4
:102AF00011143093121440931314509314146091D2
:102B000015147091161480911714909118140E9446
:102B10001B459F776093591370935A1380935B13EF
:102B200090935C136DE070E080E090E00E94DF0124
:102B30008C019093A8148093A714C0901114D09086
:102B40001214E0901314F090141420E030E04FE7DA
:102B500053E4C701B6010E94804518160CF4CFC09B
:102B6000C092A513D092A613E092A713F092A813D7
:102B700020E030E0A9016091A5137091A613809127
:102B8000A7139091A8130E94444787FF08C0109292
:102B9000A5131092A6131092A7131092A813409198
:102BA000A5135091A6136091A7137091A813C801A3
:102BB0000E94BD012091BD123091BE124091BF1202
:102BC0005091C0126091B5127091B6128091B712F7
:102BD0009091B8120E941B4560935D1370935E1331
:102BE00080935F13909360132BEC35E149E254E13D
:102BF0000E941506C0905D13D0905E13E0905F13A5
:102C0000F0906013E894F7F8C0926113D0926213C9
:102C1000E0926313F092641320910C0230910D0244
:102C200040910E0250910F02C701B6010E94484721
:102C3000209184033091850340918603509187034E
:102C40000E9448476B837C838D839E8320913C0246
:102C500030913D0240913E0250913F02C701B601C2
:102C60000E9448474B015C0120911D1530911E15B3
:102C700040911F15509120156B817C818D819E8123
:102C80000E941B459B01AC01C501B4010E941C457B
:102C90004B015C018092651390926613A0926713BA
:102CA000B0926813409088035090890360908A0323
:102CB00070908B03A30192010E944447181664F59B
:102CC0004092651350926613609267137092681376
:102CD00033C08091551390915613A0915713B09122
:102CE00058135DCE80E090E0AFE7B3E48093A51386
:102CF0009093A613A093A713B093A813B6CE80E029
:102D000090E0AFE7B3E48093A5139093A613A0934C
:102D1000A713B093A8132CCF40908C0350908D0331
:102D200060908E0370908F03A3019201C501B401DE
:102D30000E94804587FDC4CF20919003309191037C
:102D40004091920350919303C701B6010E944447FA
:102D500018160CF096C18091800390918103A09188
:102D60008203B09183038093A5139093A613A0933D
:102D7000A713B093A8132091A5133091A6134091E7
:102D8000A7135091A81360919403709195038091BB
:102D90009603909197030E9448476B017C016091D4
:102DA000291470912A1480912B1490912C140FEFF8
:102DB0001FEF98010093C6151093C7152093C815EF
:102DC0003093C915A70196010E94484760932514C6
:102DD0007093261480932714909328146AE070E06F
:102DE00080E090E00E94DF018C019093C0148093FA
:102DF000BF148090251490902614A0902714B090B2
:102E0000281420E030E04FE753E4C501B4010E94EC
:102E1000804518160CF43EC18092A5139092A6131B
:102E2000A092A713B092A81320E030E0A90160910E
:102E3000A5137091A6138091A7139091A8130E94D7
:102E4000444787FF08C01092A5131092A613109252
:102E5000A7131092A8134091A5135091A613609147
:102E6000A7137091A813C8010E94BD0160912D1491
:102E700070912E1480912F14909130140FEF1FEF4A
:102E800098010093C1151093C2152093C315309378
:102E9000C415A70196010E9448479B01AC012093ED
:102EA00021143093221440932314509324146091DE
:102EB00025147091261480912714909128140E9453
:102EC0001B459F776093691370936A1380936B130C
:102ED00090936C136BE070E080E090E00E94DF0163
:102EE0008C019093B8148093B714C0902114D090A3
:102EF0002214E0902314F090241420E030E04FE7F7
:102F000053E4C701B6010E94804518160CF4CFC0E7
:102F1000C092A513D092A613E092A713F092A81323
:102F200020E030E0A9016091A5137091A613809173
:102F3000A7139091A8130E94444787FF08C01092DE
:102F4000A5131092A6131092A7131092A8134091E4
:102F5000A5135091A6136091A7137091A813C801EF
:102F60000E94BD012091A5123091A6124091A71296
:102F70005091A81260919D1270919E1280919F12A3
:102F80009091A0120E941B4560936D1370936E1375
:102F900080936F13909370132AED35E149E354E168
:102FA0000E941506C0906D13D0906E13E0906F13C1
:102FB000F0907013E894F7F8C0927113D0927213E6
:102FC000E0927313F0927413209110023091110269
:102FD0004091120250911302C701B6010E94484766
:102FE00020919C0330919D0340919E0350919F033B
:102FF0000E9448476F83788789879A87209140028B
:10300000309141024091420250914302C701B60102
:103010000E9448474B015C012091211530912215F7
:1030200040912315509124156F81788589859A8563
:103030000E941B459B01AC01C501B4010E941C45C7
:103040004B015C018092751390927613A0927713D6
:10305000B09278134090A0035090A1036090A20317
:103060007090A303A30192010E944447181664F5CF
:103070004092751350927613609277137092781382
:1030800033C08091651390916613A0916713B0913E
:10309000681369CE80E090E0AFE7B3E48093A513B6
:1030A0009093A613A093A713B093A813BDCE80E06E
:1030B00090E0AFE7B3E48093A5139093A613A09399
:1030C000A713B093A8132CCF4090A4035090A5034E
:1030D0006090A6037090A703A3019201C501B401FB
:1030E0000E94804587FDC4CF2091A8033091A90399
:1030F0004091AA035091AB03C701B6010E94444717
:1031000018160CF096C18091980390919903A091A4
:103110009A03B0919B038093A5139093A613A09359
:10312000A713B093A8132091A5133091A613409133
:10313000A7135091A8136091AC037091AD038091D7
:10314000AE039091AF030E9448474B015C01609130
:10315000391470913A1480913B1490913C140FEF04
:103160001FEF98010093D5151093D6152093D7150E
:103170003093D815A50194010E94484760933514F7
:1031800070933614809337149093381464E070E091
:1031900080E090E00E94DF017C019093D014809346
:1031A000CF144090351450903614609037147090BE
:1031B000381420E030E04FE753E4C301B2010E942D
:1031C000804518160CF43EC14092A5135092A613E8
:1031D0006092A7137092A81320E030E0A9016091DB
:1031E000A5137091A6138091A7139091A8130E9424
:1031F000444787FF08C01092A5131092A61310929F
:10320000A7131092A8134091A5135091A613609193
:10321000A7137091A813C7010E94BD0160913D14CE
:1032200070913E1480913F14909140140FEF1FEF66
:1032300098010093D0151093D1152093D215309397
:10324000D315A50194010E9448479B01AC0120932E
:1032500031143093321440933314509334146091EA
:1032600035147091361480913714909138140E945F
:103270001B459F776093791370937A1380937B1328
:1032800090937C1365E070E080E090E00E94DF01A5
:103290007C019093C8148093C7148090311490904F
:1032A0003214A0903314B090341420E030E04FE793
:1032B00053E4C501B4010E94804518160CF4CFC038
:1032C0008092A5139092A613A092A713B092A81370
:1032D00020E030E0A9016091A5137091A6138091C0
:1032E000A7139091A8130E94444787FF08C010922B
:1032F000A5131092A6131092A7131092A813409131
:10330000A5135091A6136091A7137091A813C7013C
:103310000E94BD0120918D1230918E1240918F122A
:10332000509190126091851270918612809187124F
:10333000909188120E941B4560937D1370937E13B9
:1033400080937F139093801329EE35E149E454E193
:103350000E941506C0907D13D0907E13E0907F13DD
:10336000F0908013E894F7F8C0928113D092821302
:10337000E0928313F092841320911402309115028D
:103380004091160250911702C701B6010E944847AA
:103390002091B4033091B5034091B6035091B70327
:1033A0000E9448476B877C878D879E8720914402C7
:1033B000309145024091460250914702C701B60143
:1033C0000E9448474B015C0120912515309126153C
:1033D00040912715509128156B857C858D859E859C
:1033E0000E941B459B01AC01C501B4010E941C4514
:1033F0004B015C018092851390928613A0928713F3
:10340000B09288134090B8035090B9036090BA030B
:103410007090BB03A30192010E944447181664F503
:10342000409285135092861360928713709288138E
:1034300033C08091751390917613A0917713B0915A
:10344000781369CE80E090E0AFE7B3E48093A513F2
:103450009093A613A093A713B093A813BDCE80E0BA
:1034600090E0AFE7B3E48093A5139093A613A093E5
:10347000A713B093A8132CCF4090BC035090BD036A
:103480006090BE037090BF03A3019201C501B40117
:103490000E94804587FDC4CF2091C0033091C103B5
:1034A0004091C2035091C303C701B6010E94444733
:1034B00018160CF0F0C28091B0039091B103A09166
:1034C000B203B091B3038093A5139093A613A09376
:1034D000A713B093A8132091A5133091A613409180
:1034E000A7135091A8136091C4037091C5038091F4
:1034F000C6039091C7030E9448474B015C0160914D
:10350000491470914A1480914B1490914C140FEF10
:103510001FEF98010093E4151093E5152093E6152D
:103520003093E715A50194010E9448476093451424
:1035300070934614809347149093481462E070E0AF
:1035400080E090E00E94DF017C019093E014809382
:10355000DF144090451450904614609047147090CA
:10356000481420E030E04FE753E4C301B2010E9469
:10357000804518160CF498C24092A5135092A613D9
:103580006092A7137092A81320E030E0A901609127
:10359000A5137091A6138091A7139091A8130E9470
:1035A000444787FF08C01092A5131092A6131092EB
:1035B000A7131092A8134091A5135091A6136091E0
:1035C000A7137091A813C7010E94BD0160914D140B
:1035D00070914E1480914F14909150140FEF1FEF83
:1035E00098010093DF151093E0152093E1153093B7
:1035F000E215A50194010E9448479B01AC0120936C
:1036000041143093421440934314509344146091F6
:1036100045147091461480914714909148140E946B
:103620001B459F776093891370938A1380938B1344
:1036300090938C1363E070E080E090E00E94DF01E3
:103640007C019093D8148093D7148090411490906B
:103650004214A0904314B090441420E030E04FE7AF
:1036600053E4C501B4010E94804518160CF429C228
:103670008092A5139092A613A092A713B092A813BC
:1036800020E030E0A9016091A5137091A61380910C
:10369000A7139091A8130E94444787FF08C0109277
:1036A000A5131092A6131092A7131092A81340917D
:1036B000A5135091A6136091A7137091A813C70189
:1036C0000E94BD018091C1139091C213A091C313B8
:1036D000B091C4138093E1149093E214A093E31487
:1036E000B093E4148091891290918A12A0918B1268
:1036F000B0918C128093E5149093E614A093E71494
:10370000B093E8148091C5139091C613A091C7138C
:10371000B091C8138093E9149093EA14A093EB142A
:10372000B093EC148091A1129091A212A091A312D7
:10373000B091A4128093ED149093EE14A093EF1423
:10374000B093F0148091C9139091CA13A091CB1338
:10375000B091CC138093F1149093F214A093F314CE
:10376000B093F4148091B9129091BA12A091BB1247
:10377000B091BC128093F5149093F614A093F714B3
:10378000B093F8148091CD139091CE13A091CF13E4
:10379000B091D0138093F9149093FA14A093FB1472
:1037A000B093FC148091D1129091D212A091D312B7
:1037B000B091D4128093FD149093FE14A093FF1443
:1037C000B09300158091D1139091D213A091D3138F
:1037D000B091D4138093011590930215A093031513
:1037E000B09304158091E9129091EA12A091EB1226
:1037F000B091EC128093051590930615A0930715D0
:10380000B09308158091D5139091D613A091D7133A
:10381000B091D8138093091590930A15A0930B15B6
:10382000B0930C158091011390910213A091031392
:10383000B091041380930D1590930E15A0930F155E
:10384000B09310158091D9139091DA13A091DB13E6
:10385000B091DC138093111590931215A09313155A
:10386000B09314158091E1139091E213A091E313AA
:10387000B091E4138093151590931615A093171526
:10388000B09318158091E9139091EA13A091EB136E
:10389000B091EC138093191590931A15A0931B15F2
:1038A000B0931C158B819C81AD81BE8180931D15C9
:1038B00090931E15A0931F15B09320158F819885A6
:1038C000A985BA858093211590932215A09323157D
:1038D000B09324158B859C85AD85BE858093251579
:1038E00090932615A0932715B09328156091530740
:1038F0007091540780915507909156070E94B845E2
:1039000020E030E040E85FE40E9448476B017C0122
:1039100060914F0770915007809151079091520725
:103920000E94B8459B01AC01C701B6010E941C452D
:1039300020E030E0A9010E941C450E948C45AB01AB
:10394000BC0181E090E00E94BC04C0904307D0908D
:103950004407E0904507F09046079FEFC91AD90A3F
:10396000E90AF90AC0924307D0924407E09245075A
:10397000F0924607C114D104E104F10499F4809156
:10398000470790914807A0914907B0914A070196CF
:10399000A11DB11D8093470790934807A093490745
:1039A000B0934A0780904B0790904C07A0904D072A
:1039B000B0904E0700915E0710915F076091470736
:1039C000709148078091490790914A070E94B84535
:1039D000A50194010E94484720E030E040E85FE400
:1039E0000E9448472B013C01C701B6010E94B8451F
:1039F000A50194010E9448479B01AC01C301B2019B
:103A00000E941C45D8016D937D938D939C931397D1
:103A100080914F0790915007A0915107B0915207A4
:103A20000196A11DB11D80934F0790935007A0935D
:103A30005107B0935207892B8A2B8B2B99F48091D5
:103A4000530790915407A0915507B09156070196DE
:103A5000A11DB11D8093530790935407A093550760
:103A6000B093560768960FB6F894DEBF0FBECDBF71
:103A7000DF91CF911F910F91FF90EF90DF90CF904A
:103A8000BF90AF909F908F907F906F905F904F907E
:103A90003F902F9008958091851390918613A09167
:103AA0008713B09188130FCD80E090E0AFE7B3E4C7
:103AB0008093A5139093A613A093A713B093A81374
:103AC00063CD80E090E0AFE7B3E48093A5139093DB
:103AD000A613A093A713B093A813D2CD4F925F92D1
:103AE0006F927F928F929F92AF92BF92CF92DF920E
:103AF000EF92FF920F931F93CF93DF9384E090E0B8
:103B00000E946B05E8EAF6E080ECDF011D928A95E1
:103B1000E9F78BE597E097838683CEE5D7E0D093EE
:103B2000E906C093E8060BE417E0158B048BF093CD
:103B30001307E0931207F583E48321E030E0DC0112
:103B40002D933C9384E095E09387828780E697E00D
:103B50009983888340E050E060E87FEB409357070B
:103B6000509358076093590770935A074AE057EDEE
:103B700063E27CE3D8014D935D936D937C9313973F
:103B8000C1E3D7E083E49DE5A0E0BEE888839983A4
:103B9000AA83BB8388E693ECADEEB1E8809335074A
:103BA00090933607A0933707B093380786E391E2E6
:103BB000A8E5BCE68093390790933A07A0933B07AA
:103BC000B0933C0784E59AE8ADEFB8E980933D07F0
:103BD00090933E07A0933F07B0934007ACE9B6E04F
:103BE000B383A283ECE3F6E01196FC93EE9386E1B7
:103BF00095E09183808393838283958384839783E5
:103C00008683918780879387828795878487978724
:103C10008687918B808B938B828B958B848B978BF4
:103C2000868B918F808F938F828F958F848F978FC4
:103C3000868F91A380A393A382A395A384A397A324
:103C400086A391A780A793A782A795A784A797A7E4
:103C500086A791AB80AB93AB82AB95AB84AB97ABB4
:103C600086AB91AF80AF93AF82AF95AF84AF97AF84
:103C700086AF90937D0680937C0690937F06809319
:103C80007E069093810680938006909383068093AE
:103C9000820690938506809384069093870680938E
:103CA0008606909389068093880690938B0680936E
:103CB0008A0690938D0680938C0690938F0680934E
:103CC0008E0690939106809390069093930680932E
:103CD000920690939506809394069093970680930E
:103CE0009606909399068093980690939B068093EE
:103CF0009A0681E497E015969C938E9314971396F9
:103D0000DC93CE93129788248A94982C54011896A9
:103D10008D929D92AD92BC921B97E1EFF1E180E60E
:103D200092E0DF019C011D9221503040E1F791E5C6
:103D3000C92E94E1D92E8DE991E0D601FC011D92A6
:103D40003197E9F7C1E0C0939215412C512C320113
:103D50004394D60199964D925D926D927C929C9778
:103D600066E370E080E090E00E948F01F60197A783
:103D700086A7C5A710A2C0938F1541A252A263A225
:103D800074A26BE370E080E090E00E948F01F60186
:103D900097A386A3C5A3108EC0938C15418E528E17
:103DA000638E748E6AE370E080E090E00E948F0181
:103DB000F601978F868FC58F108AC0938915418A27
:103DC000528A638A748A69E370E080E090E00E941E
:103DD0008F01F601978B868BC58B1086C093861555
:103DE000418652866386748668E370E080E090E0E6
:103DF0000E948F01F60197878687C5871082C0933E
:103E00008315418252826382748267E370E080E0AE
:103E100090E00E948F01F60197838683C58310AEE0
:103E2000C093821541AE52AE63AE74AEE12CF12C5C
:103E30008701A801970166E070E080E090E00E94B1
:103E40002302F60197AF86AFC5AF10AAC0938115C4
:103E500041AA52AA63AA74AAA801970167E070E078
:103E600080E090E00E942302F60197AB86ABC5ABE1
:103E700010929914C093851540929A1450929B14F5
:103E800060929C1470929D14A801970168E070E004
:103E900080E090E00E9423029093A01480939F14EE
:103EA000C0939E1410929114C09384154092921462
:103EB000509293146092941470929514A8019701F3
:103EC00069E070E080E090E00E94230290939814F3
:103ED00080939714C09396141092A914C0938815D8
:103EE0004092AA145092AB146092AC147092AD142C
:103EF000A80197016CE070E080E090E00E9423024E
:103F00009093B0148093AF14C093AE141092A11488
:103F1000C09387154092A2145092A3146092A414E7
:103F20007092A514A80197016DE070E080E090E028
:103F30000E9423029093A8148093A714C093A61400
:103F40001092B914C0938B154092BA145092BB14BE
:103F50006092BC147092BD14A80197016AE070E0F1
:103F600080E090E00E9423029093C0148093BF14DD
:103F7000C093BE141092B114C0938A154092B2142B
:103F80005092B3146092B4147092B514A8019701C2
:103F90006BE070E080E090E00E9423029093B81400
:103FA0008093B714C093B6141092C914C0938E15A1
:103FB0004092CA145092CB146092CC147092CD14DB
:103FC000A801970164E070E080E090E00E94230285
:103FD0009093D0148093CF14C093CE141092C11438
:103FE000C0938D154092C2145092C3146092C414B1
:103FF0007092C514A801970165E070E080E090E040
:104000000E9423029093C8148093C714C093C614CF
:104010001092D914C09391154092DA145092DB1487
:104020006092DC147092DD14A801970162E070E0E8
:1040300080E090E00E9423029093E0148093DF14CC
:10404000C093DE141092D114C09390154092D214F4
:104050005092D3146092D4147092D514A801970191
:1040600063E070E080E090E00E9423029093D81417
:104070008093D714C093D614E0E0F2E080919402CC
:1040800090919502A0919602B09197028093E114CD
:104090009093E214A093E314B093E4148091A002EF
:1040A0009091A102A091A202B091A3028093E51485
:1040B0009093E614A093E714B093E8148091B002B3
:1040C0009091B102A091B202B091B3028093E91431
:1040D0009093EA14A093EB14B093EC148091BC027B
:1040E0009091BD02A091BE02B091BF028093ED14E9
:1040F0009093EE14A093EF14B093F0148091CC023F
:104100009091CD02A091CE02B091CF028093F11494
:104110009093F214A093F314B093F4148091D80206
:104120009091D902A091DA02B091DB028093F5144C
:104130009093F614A093F714B093F8148091E802CA
:104140009091E902A091EA02B091EB028093F914F8
:104150009093FA14A093FB14B093FC148091F40292
:104160009091F502A091F602B091F7028093FD14B0
:104170009093FE14A093FF14B09300158091040354
:1041800090910503A0910603B09107038093011558
:1041900090930215A0930315B0930415809110031A
:1041A00090911103A0911203B09113038093051510
:1041B00090930615A0930715B093081580912003DE
:1041C00090912103A0912203B091230380930915BC
:1041D00090930A15A0930B15B0930C1580912C03A6
:1041E00090912D03A0912E03B0912F0380930D1574
:1041F00090930E15A0930F15B0931015808D918D8F
:10420000A28DB38D8093111590931215A093131561
:10421000B0931415848D958DA68DB78D809315154B
:1042200090931615A0931715B093181580A191A11E
:10423000A2A1B3A18093191590931A15A0931B15F1
:10424000B0931C1584A195A1A6A1B7A180931D15BB
:1042500090931E15A0931F15B093201580A591A5CE
:10426000A2A5B3A58093211590932215A0932315A1
:10427000B093241584A595A5A6A5B7A5809325156B
:1042800090932615A0932715B093281580927D153D
:1042900090927E15A0927F15B092801580929E1507
:1042A00090929F15A092A015B092A1158092991599
:1042B00090929A15A0929B15B0929C15809294159D
:1042C00090929515A0929615B09297158092AD1583
:1042D0009092AE15A092AF15B092B0158092A8152D
:1042E0009092A915A092AA15B092AB158092A31531
:1042F0009092A415A092A515B092A6158092BC1517
:104300009092BD15A092BE15B092BF158092B715C0
:104310009092B815A092B915B092BA158092B215C4
:104320009092B315A092B415B092B5158092CB15AA
:104330009092CC15A092CD15B092CE158092C61554
:104340009092C715A092C815B092C9158092C11558
:104350009092C215A092C315B092C4158092DA153E
:104360009092DB15A092DC15B092DD158092D515E8
:104370009092D615A092D715B092D8158092D015EC
:104380009092D115A092D215B092D3158092E915D2
:104390009092EA15A092EB15B092EC158092E4157C
:1043A0009092E515A092E615B092E7158092DF1580
:1043B0009092E015A092E115B092E215DF91CF91B5
:1043C0001F910F91FF90EF90DF90CF90BF90AF9033
:1043D0009F908F907F906F905F904F900895809105
:1043E000791481111FC081E08093791480917A142F
:1043F00090917B14A0917C14B0917D140197A1053C
:10440000B10581F480917E14882361F066E370E049
:1044100080E090E00E944B019093801480937F1481
:104420000E94B2018091711481111FC081E08093BC
:1044300071148091721490917314A0917414B091BE
:1044400075140197A105B10581F480917614882334
:1044500061F06BE370E080E090E00E944B0190938C
:104460007814809377140E94B201809169148111AD
:104470001FC081E08093691480916A1490916B143D
:10448000A0916C14B0916D140197A105B10581F450
:1044900080916E14882361F06AE370E080E090E020
:1044A0000E944B019093701480936F140E94B2018C
:1044B0008091611481111FC081E08093611480910B
:1044C000621490916314A0916414B09165140197E3
:1044D000A105B10581F480916614882361F069E338
:1044E00070E080E090E00E944B019093681480930C
:1044F00067140E94B2018091591481111FC081E09C
:104500008093591480915A1490915B14A0915C147B
:10451000B0915D140197A105B10581F480915E14FD
:10452000882361F068E370E080E090E00E944B0136
:104530009093601480935F140E94B2018091511493
:1045400081111FC081E08093511480915214909189
:104550005314A0915414B09155140197A105B105BD
:1045600081F480915614882361F067E370E080E065
:1045700090E00E944B0190935814809357140E942E
:10458000B2018091891481112EC081E08093891439
:1045900080918A1490918B14A0918C14B0918D14F9
:1045A0000197A105B105F9F480918E148823D9F003
:1045B00066E070E080E090E00E94DF01909390144C
:1045C00080938F1440E050E0BA010E94BD0166E084
:1045D00070E080E090E00E94DF019093901480935F
:1045E0008F140E946E028091811481112EC081E08F
:1045F000809381148091821490918314A0918414EB
:10460000B09185140197A105B105F9F48091861444
:104610008823D9F067E070E080E090E00E94DF013D
:10462000909388148093871440E050E0BA010E9470
:10463000BD0167E070E080E090E00E94DF019093B0
:104640008814809387140E946E02809199148111BE
:104650002EC081E08093991480919A1490919B14BC
:10466000A0919C14B0919D140197A105B105F9F496
:1046700080919E148823D9F068E070E080E090E09B
:104680000E94DF019093A01480939F1440E050E0BB
:10469000BA010E94BD0168E070E080E090E00E94F5
:1046A000DF019093A01480939F140E946E0280916A
:1046B000911481112EC081E0809391148091921405
:1046C00090919314A0919414B09195140197A10521
:1046D000B105F9F4809196148823D9F069E070E06F
:1046E00080E090E00E94DF019093981480939714EB
:1046F00040E050E0BA010E94BD0169E070E080E056
:1047000090E00E94DF0190939814809397140E9488
:104710006E028091A91481112EC081E08093A914AA
:104720008091AA149091AB14A091AC14B091AD14E7
:104730000197A105B105F9F48091AE148823D9F051
:104740006CE070E080E090E00E94DF019093B01494
:104750008093AF1440E050E0BA010E94BD016CE0CC
:1047600070E080E090E00E94DF019093B0148093AD
:10477000AF140E946E028091A11481112EC081E0BD
:104780008093A1148091A2149091A314A091A414D9
:10479000B091A5140197A105B105F9F48091A61473
:1047A0008823D9F06DE070E080E090E00E94DF01A6
:1047B0009093A8148093A71440E050E0BA010E949F
:1047C000BD016DE070E080E090E00E94DF01909319
:1047D000A8148093A7140E946E028091B9148111CD
:1047E0002EC081E08093B9148091BA149091BB14CB
:1047F000A091BC14B091BD140197A105B105F9F4C5
:104800008091BE148823D9F06AE070E080E090E0E7
:104810000E94DF019093C0148093BF1440E050E0E9
:10482000BA010E94BD016AE070E080E090E00E9461
:10483000DF019093C0148093BF140E946E02809198
:10484000B11481112EC081E08093B1148091B21413
:104850009091B314A091B414B091B5140197A1052F
:10486000B105F9F48091B6148823D9F06BE070E0BB
:1048700080E090E00E94DF019093B8148093B71419
:1048800040E050E0BA010E94BD016BE070E080E0C2
:1048900090E00E94DF019093B8148093B7140E94B7
:1048A0006E028091C91481112EC081E08093C914D9
:1048B0008091CA149091CB14A091CC14B091CD14D6
:1048C0000197A105B105F9F48091CE148823D9F0A0
:1048D00064E070E080E090E00E94DF019093D014EB
:1048E0008093CF1440E050E0BA010E94BD0164E023
:1048F00070E080E090E00E94DF019093D0148093FC
:10490000CF140E946E028091C11481112EC081E0EB
:104910008093C1148091C2149091C314A091C414C7
:10492000B091C5140197A105B105F9F48091C614A1
:104930008823D9F065E070E080E090E00E94DF011C
:104940009093C8148093C71440E050E0BA010E94CD
:10495000BD0165E070E080E090E00E94DF0190938F
:10496000C8148093C7140E946E028091D9148111DB
:104970002EC081E08093D9148091DA149091DB14D9
:10498000A091DC14B091DD140197A105B105F9F4F3
:104990008091DE148823D9F062E070E080E090E03E
:1049A0000E94DF019093E0148093DF1440E050E018
:1049B000BA010E94BD0162E070E080E090E00E94D8
:1049C000DF019093E0148093DF140E946E028091C7
:1049D000D11481112EC081E08093D1148091D21422
:1049E0009091D314A091D414B091D5140197A1053E
:1049F000B105F9F48091D6148823D9F063E070E012
:104A000080E090E00E94DF019093D8148093D71447
:104A100040E050E0BA010E94BD0163E070E080E038
:104A200090E00E94DF019093D8148093D7140C94E7
:104A30006E0208954F925F926F927F928F929F9233
:104A4000AF92BF92CF92DF92EF92FF920F931F939C
:104A5000F8944090740750907507609076077090B6
:104A60007707C0906807D0906907E0906A07F090D8
:104A70006B074130510509F0A4C09B01AC0124191A
:104A800035094609570929013A010091700710912B
:104A90007107209172073091730748015901840C06
:104AA000951CA61CB71C80169106A206B306A0F49E
:104AB00000916C0710916D0720916E0730916F0780
:104AC0000F5F1F4F2F4F3F4F00936C0710936D07E1
:104AD00020936E0730936F07809270079092710752
:104AE000A0927207B092730700916C0710916D0746
:104AF00020916E0730916F07809278079092790726
:104B0000A0927A07B0927B0700937C0710937D07F1
:104B100020937E0730937F07609374077093750727
:104B20008093760790937707A0E1B7E2A301920103
:104B30000E94D24E6C0D7D1D8E1D9F1D60936807D7
:104B40007093690780936A0790936B070091DA046A
:104B50001091DB042091DC043091DD040F3F1F4FE6
:104B60002F4F3F4FF1F00091DA041091DB042091B8
:104B7000DC043091DD040E3F1F4F2F4F3F4F89F073
:104B8000C090DA04D090DB04E090DC04F090DD0407
:104B900021E08C149D04AE04BF0408F420E02093AF
:104BA0008C0778941F910F91FF90EF90DF90CF903A
:104BB000BF90AF909F908F907F906F905F904F903D
:104BC00008954B015C0184189508A608B708A30155
:104BD0009201261B370B480B590B6415750586058A
:104BE0009705D0F082169306A406B50640F420E09F
:104BF00030E0A90181149104A104B10491F4A0E171
:104C0000B7E20E94D24EA7019601261B370B480B34
:104C1000590BCA01B901C5CF82169306A406B50681
:104C200070F7A0E1B7E2A50194010E94D24E6C0D8D
:104C30007D1D8E1D9F1DB5CFFDCECF93DF9300D080
:104C40001F92CDB7DEB71C821B821A821982109286
:104C500088071092890710928A0710928B0710928A
:104C6000800710928107109282071092830710929A
:104C70008407109285071092860710928707BE015D
:104C80006F5F7F4FCE0103960E94304369817A8126
:104C90008B819C810E941C3C009761F4BE016F5F78
:104CA0007F4FCE0103960E943C4369817A818B81BC
:104CB0009C812BD50F900F900F900F90DF91CF918B
:104CC0000895FF920F931F93CF93DF93082F60E017
:104CD00070E0CB010E949F48FF24F3940E94053BA3
:104CE000EC01892B89F010E0CE3F8FEFD80769F0F7
:104CF000002361F160E070E0CB010E949F4881E0F9
:104D000090E0892B59F322C011E022D5EC01892BC8
:104D100021F0CE3F8FEFD80759F711111EC011E0D7
:104D2000229609F410E00E94B53AEC01892B21F09B
:104D3000CE3F8FEFD807E1F6111111C011E0CE3F41
:104D40008FEFD80709F410E001110BC0CE01DF91FD
:104D5000CF911F910F91FF90089511E0E4CF11E0E2
:104D6000F3CF60E070E0CB010E949F481F25812FA8
:104D700090E0C7CFCF93DF9380918C07882321F0F9
:104D800060E070E0CB0149D632D6D0E0C0E0892B9C
:104D900071F06AE070E080E090E00E949F4881E05E
:104DA00090DF25D62196C03727E1D20781F724D698
:104DB0000E94703C1092A4071092A30710929D07C6
:104DC00010929E0710929F071092A00710929907C9
:104DD00010929A0710929B0710929C0710929507C9
:104DE00010929607109297071092980710929107C9
:104DF00010929207109293071092940710928D07C9
:104E000010928E0710928F07109290074EEF5FEF6F
:104E10006FEF7FEF4093DA045093DB046093DC0480
:104E20007093DD0410928C07E8E7F7E028E0DF01DB
:104E30001D922A95E9F71092740710927507109247
:104E400076071092770710927007109271071092F0
:104E500072071092730710926C0710926D071092F0
:104E60006E0710926F0710926807109269071092F0
:104E70006A0710926B07DF91CF9108951092B007E7
:104E80001092B1071092B2071092B3071092AF07B9
:104E90008091B8079091B9079093AE078093AD07C2
:104EA0001092AC071092AB071092A7071092A807B8
:104EB0001092A9071092AA071092B5071092B40792
:104EC00090E080E00895CF92DF92EF92FF920F93EF
:104ED0001F93CF938C01019709F055C02091B8071B
:104EE0003091B9078091AD079091AE074091B80716
:104EF0005091B9075093AE074093AD072817390773
:104F000081F01092AC071092AB071092A707109295
:104F1000A8071092A9071092AA071092B50710923D
:104F2000B4078091B8079091B907019761F5809116
:104F3000B4079091B507892B21F48091DE0481118B
:104F400012C08091B4079091B5070197E1F4809168
:104F5000A7079091A807A091A907B091AA07019768
:104F6000A105B10581F41092A7071092A80710922D
:104F7000A9071092AA071092DE0482E090E09093B5
:104F8000B5078093B4078091B8079091B90701974E
:104F900009F01CC18091CE079091CF07801791072F
:104FA00009F014C18091CA079091CB07A091CC075A
:104FB000B091CD07009709F409C12091C9072111CB
:104FC0000DC04091CA075091CB076091CC077091FA
:104FD000CD07452B462B472B09F4F8C02091B40789
:104FE0003091B5072230310509F0F0C02091AB07B0
:104FF0002111ECC0FC01C080D180E280F38080915F
:10500000AF07882309F4D3C08091BB079091BC07F8
:10501000892B09F4FEC02091BB073091BC0781E0C9
:105020002230310509F080E02091BB073091BC07A8
:10503000C1E02130310549F02091BB073091BC0718
:10504000C1E02230310509F0C0E0882309F456C0E0
:105050002091C5073091C6074091C7075091C807F6
:10506000C701B6010E94444787FD14C02091C507BF
:105070003091C6074091C7075091C8076091B007AB
:105080007091B1078091B2079091B3070E9480455B
:1050900087FD22C02091C5073091C6074091C70700
:1050A0005091C807C701B6010E944447181634F54D
:1050B0002091C5073091C6074091C7075091C80796
:1050C0006091B0077091B1078091B2079091B307DA
:1050D0000E948045811112C08091BD079091BE074A
:1050E000A091BF07B091C007892B8A2B8B2B19F495
:1050F00081E08093AC0781E08093AB07CC2309F477
:1051000056C02091C5073091C6074091C7075091FE
:10511000C807C701B6010E94804587FF14C02091CF
:10512000C5073091C6074091C7075091C8076091E5
:10513000B0077091B1078091B2079091B3070E94B8
:10514000444787FF22C02091C5073091C607409190
:10515000C7075091C807C701B6010E948045811159
:1051600026C02091C5073091C6074091C7075091CE
:10517000C8076091B0077091B1078091B207909114
:10518000B3070E944447181694F48091BD0790918C
:10519000BE07A091BF07B091C007892B8A2B8B2B2C
:1051A00019F481E08093AC0781E08093AB0781E044
:1051B0009091AB07911180E08093AF07C092B00748
:1051C000D092B107E092B207F092B3070130110517
:1051D00009F067C18091B4079091B507892BD9F484
:1051E0001092BA071092AB078091DE04882379F001
:1051F00082E090E09093B5078093B4071092DE04AC
:105200002091B8073091B90781E0232BE9F080E0C5
:105210001BC081E009CF1092DE048091BA07882379
:1052200049F01092AC071092B5071092B407109293
:10523000BA07EDCF8091B8079091B907892BE1F0BB
:105240008091AB071092AB072091B4073091B5075E
:105250002230310509F45EC088F42115310509F4C6
:1052600048C02130310509F4F3C01092AC07109208
:10527000AB071092BA0738C081E0E6CF2330310582
:1052800009F4B1C02430310581F74091A70750914E
:10529000A8076091A9077091AA07411551056105FA
:1052A000710561F041505109610971094093A707E7
:1052B0005093A8076093A9077093AA074091A70786
:1052C0005091A8076091A9077091AA07452B462B1A
:1052D000472BD9F42091B6073091B707213031051B
:1052E00009F046C01092AC071092B5071092B407AF
:1052F0000CC08091DE04882341F082E090E090931E
:10530000B5078093B4071092DE041092A507809130
:10531000AC07CEC08823C9F38091BD079091BE072A
:10532000A091BF07B091C007181619061A061B06F0
:105330000CF07DC08091B8079091B907019709F0F2
:1053400076C08091BD079091BE07A091BF07B09134
:10535000C0078093A7079093A807A093A907B093CD
:10536000AA0783E090E09093B5078093B407CDCF70
:105370004091C1075091C2076091C3077091C40763
:10538000452B462B472BA9F01092AC078091C10703
:105390009091C207A091C307B091C4078093A7075B
:1053A0009093A807A093A907B093AA0781E090E083
:1053B000DACF882399F08091DF049091E004A091E6
:1053C000E104B091E2048093A7079093A807A0930B
:1053D000A907B093AA0784E090E0C5CF1092AC076C
:1053E00082E090E0C0CF8091A7079091A807A0919C
:1053F000A907B091AA070097A105B10559F0019737
:10540000A109B1098093A7079093A807A093A907C2
:10541000B093AA078091A7079091A807A091A90728
:10542000B091AA07892B8A2B8B2B09F06ECF809124
:10543000DF049091E004A091E104B091E204892B93
:105440008A2B8B2B09F44ECF81E08093AC07B3CF2E
:105450004091A7075091A8076091A9077091AA07EA
:10546000411551056105710561F04150510961090E
:1054700071094093A7075093A8076093A9077093F9
:10548000AA074091A7075091A8076091A9077091BA
:10549000AA07452B462B472B09F037CF8111C7CFE1
:1054A0009FCF8091A507882309F431CF8091A6076B
:1054B000CF911F910F91FF90EF90DF90CF900895C3
:1054C0001092B0071092B1071092B2071092B30772
:1054D0001092AF071092B5071092B4071092AE0762
:1054E0001092AD071092CF071092CE071092AC0722
:1054F0001092AB071092A7071092A8071092A90765
:105500001092AA071092A6071092A5071092CA0738
:105510001092CB071092CC071092CD071092C907BA
:105520001092C5071092C6071092C7071092C807BD
:1055300088EE93E0A0E0B0E08093DF049093E00475
:10554000A093E104B093E2041092C1071092C20745
:105550001092C3071092C4071092BD071092BE07A5
:105560001092BF071092C0071092BC071092BB07A1
:1055700081E08093DE041092BA071092B90710926E
:10558000B8071092B7071092B60790E080E0089530
:105590008091B8079091B907892BE1F48091DE04DE
:1055A000882351F08091BA07811106C081E0809371
:1055B000A6078093A50708958091BA07882341F034
:1055C0008091DE04811104C01092A60781E0F1CF22
:1055D0001092A507089582E090E0FA0191838083FC
:1055E0008FEF9FEF0895CF93DF93EA01009711F0BB
:1055F0000E94903D1982188290E080E0DF91CF9167
:105600000895DB01009719F48FEF8C9308952EEF26
:105610002C93FC017096E031F10508F037C0882723
:10562000EB5EF44D8F4F0C94CA4E442B422B402B13
:105630003E2B3C2B3A2B362B382B342B322B302B5A
:105640002D2B292B252B2B2B462B80E311968C936E
:10565000089589E2FBCF82E2F9CF11961C9208955A
:1056600083E2F4CF81E2F2CF81E1F0CF87E2EECFA7
:105670008AE2ECCF80E1EACF84E2E8CF88E2E6CFAD
:1056800086E2E4CF81E3E2CF83E3E0CF80E2DECFC6
:105690008091DC079091DD0708959093DD0780935A
:1056A000DC0708958091DB0708959091DB07892B33
:1056B0008093DB070895982F90958091DB078923CD
:1056C0008093DB0708958091DA0708958091D807C9
:1056D0009091D90708956115710559F0FB0130E0EB
:1056E00020E070E060E02417350719F061157105BE
:1056F00011F0CB010895A081B181A817B90709F471
:10570000BF012F5F3F4F3696EECF8091DE078111AC
:105710001CC060D266D29093D1078093D0070E94BC
:105720008E350E94A0359093D5078093D4070E94B0
:105730001D3A0E94243A9093D3078093D20781E0C8
:105740008093DE0790E080E0089584EF9FEF089556
:105750008F929F92AF92BF92CF92DF92EF92FF9281
:105760000F931F93CF93DF9300D000D000D01F92F0
:10577000CDB7DEB71A86198618861F821E821D8253
:105780001C821B821A8219828091DE0707EF1FEFAD
:10579000882309F49CC08E010D5F1F4F9E012B5F73
:1057A0003F4FAE01495F5F4FBE01675F7F4F90E0A3
:1057B00080E00E94A13B8C01009721F005960297A2
:1057C00008F0DBC029853A852115310509F402C1AD
:1057D000ED80FE804B815C81B701640F751F8F8166
:1057E00098858617970708F4F5C0E20EF31ED701D7
:1057F0009C91903C09F07FC04230510508F47BC079
:1058000011968C914091DC075091DD07452B09F4EE
:105810009CC0913F08F071C02CE1290F2D3008F495
:105820008BC02DE2290F203108F489C0903C21F46F
:105830008150823008F483C088E3890F8B3008F4EC
:1058400081C091E0C92E9BE2D92EEBEEFAE26D8188
:105850007E81AE014F5F5F4F89859A8519955C0106
:10586000C114D104A1F189809A808114910479F145
:105870008B819C818815990508F487C010E000E0B1
:105880004B815C8170E060E0C7010E94F44E01151D
:105890001105E9F449815A8169857A858D819E8156
:1058A000680F791FC501F6011995E980FA800D810D
:1058B0001E812F81388549855A856FEF7FEF81E002
:1058C00090E00E943C3B8C01892B09F056C0C80136
:1058D0002A960FB6F894DEBF0FBECDBFDF91CF91F1
:1058E0001F910F91FF90EF90DF90CF90BF90AF90FE
:1058F0009F908F90089580E085CF30E020E0220FC8
:10590000331FF901E053F84F0190F081E02D3097FB
:1059100009F497CF892F90E01995009709F491CF5A
:10592000DC011296ED91FC9113971496CD90DC90CA
:10593000309709F08CCF1FC021E030E0E0CF22E0AB
:1059400030E0DDCF23E030E0DACFD12CC12CE3EF23
:10595000FAE29F3F09F07BCFE091D007F091D107A9
:10596000309721F4C90104EF1FEF0CC08FEF90E0D6
:1059700019950097A9F604EF1FEF89859A8500977E
:1059800009F4A5CF0E94903DA2CF0E946B3C8C01F0
:1059900089859A850E94903D70E060E0C4010E9474
:1059A000043C98878F830E94393B9E838D836F814F
:1059B00078856115710559F0C8010E941C3F9A87CE
:1059C000898706EF1FEF892B09F058CF59CF08EFD1
:1059D0001FEF56CF08EF1FEFD0CF2091DE07222315
:1059E00019F020E00C94A53587EF9FEF0895809182
:1059F000DC079091DD0708950E94293A0E948339BF
:105A0000F5D0E0EDF7E088E0DF011D928A95E9F737
:105A10001092DE0790E080E008950C94E13721E0D9
:105A200040E050E0BA010C94A53586E090E0FA0120
:105A30009183808390E080E0089547E050E069E43E
:105A400075E049CEDF92EF92FF920F931F93CF93B1
:105A5000DF938A01EC01C60FD71FE090E207F090B8
:105A6000E307D9800E94533CD816190678F082E0EB
:105A700090E0F801918380838EEF9FEFDF91CF91CB
:105A80001F910F91FF90EF90DF900895EF2841F460
:105A900082E090E0F8019183808384EF9FEFEECF66
:105AA00089818093E10790E00196F80191838083DA
:105AB00090E080E0E3CFCF93DF93EA010E94923839
:105AC000882321F00E94603C0E94933882E090E09D
:105AD000998388838BEF9FEFDF91CF910895CF93C8
:105AE000DF93EB0186E0FB0111928A95E9F78FEFD6
:105AF0008883D8DD8983E7DD8A83E8DD9D838C8315
:105B0000DF91CF910895CF93DF93EA010E949538FA
:105B1000811109C082E090E09983888385EF9FEF2F
:105B2000DF91CF91089590E080E0B7DD81E090E0D3
:105B30009983888390E080E0F3CF0F931F93CF93F6
:105B4000DF93EA018C01060F171F0E94953881111F
:105B50000BC082E090E09983888385EF9FEFDF910F
:105B6000CF911F910F910895F8018181823038F013
:105B700082E090E0998388838EEF9FEFF0CF81E001
:105B800090E08BDD88E090E09983888390E080E06E
:105B9000E6CFCF93DF930097D1F4EB01FB01329670
:105BA00086E0DF011D928A95E9F78FEF888385E013
:105BB00089831A820E94533C8B830E94523C9D83AE
:105BC0008C8381E08E838F83DF91CF910895DF9165
:105BD000CF9117CD8DE19DE29093E0078093DF0791
:105BE00008958091DF079091E00708951092E007F3
:105BF0001092DF0708958091E2079091E3070895DE
:105C0000411105C0611571058105910561F0609331
:105C1000E2077093E3078093E4079093E5074093CE
:105C2000E60781E0089580E00895FF920F931F93A7
:105C3000CF93DF938A01EC01C60FD71FF9800E9432
:105C4000533CF816190668F082E090E0F801918361
:105C500080838EEF9FEFDF91CF911F910F91FF9087
:105C600008956C817D818E819F814B81C9DF811177
:105C700008C082E090E0F8019183808384EF9FEF79
:105C8000EACF89818093E10790E00196F801918342
:105C9000808390E080E0DFCFCF93DF93EA01FC01C7
:105CA000E60FF71F64817581868197814381A8DFA4
:105CB000811109C082E090E09983888384EF9FEF8F
:105CC000DF91CF91089581E090E09983888390E0FF
:105CD00080E0F6CFE2EEF7E040815181628173818E
:105CE000480F511D611D711D408351836283738371
:105CF0000895CF93C091E1074C2F50E06091E207E7
:105D00007091E30701960E94EB4E8C2FE3DF109217
:105D1000E107CF910895009799F48091E20790915F
:105D2000E3072FEFFB012083892B59F02091E10736
:105D300030E02F5F3F4F2417350719F4CB01D9CF3F
:105D400060CC0895009799F48091E2079091E30761
:105D50002FEFFB012083892B59F02091E10730E0E0
:105D60002F5F3F4F2417350719F4CB01C2CF49CC21
:105D7000089523E1AC01249FC001259F900D1124BB
:105D8000E091EB07F091EC07E80FF91F23813481D4
:105D90002250310981E02230310508F080E0089579
:105DA0000F931F93CF93DF930091ED071091EE07B0
:105DB000D0E0C0E080E00C171D0749F491E08111AC
:105DC00090E0892FDF91CF911F910F91089581115C
:105DD000F5CFCE01CEDF2196EECFA091EB07B091AB
:105DE000EC07109729F12091ED073091EE0782170B
:105DF0009307F0F453E1589F9001599F300D1124FF
:105E0000A20FB31FED91FC911197309789F0129674
:105E10008C91681768F48DE0689FE00DF11D1124E6
:105E200080819181892B21F081E09281491708F0CE
:105E300080E008959C0143E1429FC001439F900D83
:105E40001124E091EB07F091EC07E80FF91F83852F
:105E5000823091F481E090E0658176814091E304A5
:105E60005091E4046417750711F490E080E0892BE9
:105E700019F081E0232B09F080E00895FC01A08156
:105E8000B1818DE0689FA00DB11D112413964D9135
:105E90005C9185859685489F9001499F300D589F5C
:105EA000300D1124C9010196611103C0478144FDE1
:105EB00004960895EF92FF920F931F93CF93DF9371
:105EC000EA01FC01E60FF71F02811381E480F580EF
:105ED0004F2D6E2DC80181DF81110DC082E090E051
:105EE000998388838EEF9FEFDF91CF911F910F9160
:105EF000FF90EF900895C8013CDF882339F082E0DD
:105F000090E09983888388EF9FEFEECF1093EA04A7
:105F10000093E904E092EB04F092EC0481E090E05D
:105F20009983888390E080E0DFCFCF92DF92EF9279
:105F3000FF920F931F93CF93DF937A01EC01C60F6B
:105F4000D71FC090E904D090EA040091EB041091AF
:105F5000EC04412F602FC60140DF811110C082E0A8
:105F600090E0F701918380838AEF9FEFDF91CF91DB
:105F70001F910F91FF90EF90DF90CF900895C60191
:105F8000F8DE882341F082E090E0F701918380837E
:105F900088EF9FEFEBCF4C815D816E817F819A818D
:105FA00089818F3F41F082E090E0F7019183808307
:105FB0008EEF9FEFDBCFE3E1EC9D9001ED9D300D87
:105FC0001124E091EB07F091EC07E20FF31F019031
:105FD000F081E02D2DE0029FE00DF11D11240190D4
:105FE000F081E02D27E0129FE00DF11D1124808348
:105FF00091838B81828343835483658376831F5F80
:106000001093EC0481E090E0F7019183808390E0AD
:1060100080E0ACCFEF92FF920F931F93CF93DF936B
:106020007A018C01060F171FC091EB07D091EC0786
:10603000209781F021E030E0F80182819381409146
:10604000ED075091EE078417950710F030E020E03F
:10605000232B71F482E090E0F701918380838EEF2F
:106060009FEFDF91CF911F910F91FF90EF900895D7
:1060700043E1489F9001499F300D1124C20FD31F67
:1060800078DE882341F082E090E0F70191838083FD
:1060900088EF9FEFE6CFF801248135812038310564
:1060A000C8F687818111D6CF4181842F90E08F7E01
:1060B000009741F082E090E0F7019183808386EFC2
:1060C0009FEFCFCF4F833E832D832681288719866C
:1060D000223010F421E0288721E030E0F7013183FD
:1060E0002083BFCF88E090E0FA019183808390E025
:1060F00080E00895FB018FEF808381E181838FEF42
:106100009FEF9383828380E890E095838483168257
:1061100017820895FB018FEF808391E09183828342
:106120009383848384E3858381E090E097838683EF
:10613000089582E090E0FA019183808380EF9FEFE1
:106140000895DF92EF92FF920F931F93CF93DF9307
:10615000EA01FC01E60FF71F8181813071F082E0D6
:1061600090E0998388838FEF9FEFDF91CF911F910C
:106170000F91FF90EF90DF90089582819381D480FA
:106180002581E680F7800091EB071091EC0701155F
:10619000110539F482E090E0998388838CEF9FEFBA
:1061A000E4CF4091ED075091EE078417950738F042
:1061B00082E090E0998388838EEF9FEFD6CF892B82
:1061C00039F082E090E09983888386EF9FEFCDCF0E
:1061D0008D2D8D7FB1F72130A1F781E0D11006C060
:1061E00091E0E916F10431F080E004C0E2E0EE163F
:1061F000F104D0F3882329F390E080E0BADD88230E
:1062000039F082E090E09983888388EF9FEFADCFEB
:10621000F801D38681E08487F686E586108A1786A2
:1062200081E090E09983888390E080E09ECF4DE00C
:1062300050E063E775E04FCA8F929F92BF92CF9272
:10624000DF92EF92FF920F931F93CF93DF93EA01B8
:10625000FC01E60FF71F828193810481B580E091F4
:10626000EB07F091EC07309791F482E090E099838E
:1062700088838CEF9FEFDF91CF911F910F91FF905B
:10628000EF90DF90CF90BF909F908F9008952091D6
:10629000ED073091EE078217930738F082E090E027
:1062A000998388838EEF9FEFE6CF23E1289F6001DB
:1062B000299FD00C1124EC0DFD1DE080F180E1142C
:1062C000F10499F28281081748F78DE0089F800158
:1062D0001124E00EF11EF70180819181892B29F6AE
:1062E000BB20E1F2F7E0BF9E40011124C4010E94EF
:1062F000573DF70191838083E091EB07F091EC0724
:10630000EC0DFD1D0190F081E02DE00FF11F80816B
:106310009181009739F482E090E0998388838DEF32
:106320009FEFA9CFA40170E060E00E94F44E80913D
:10633000EB079091EC07C80ED91EF6018081918180
:10634000080F191FF801B28281E090E099838883D9
:1063500090E080E090CFAF92BF92CF92DF92FF9219
:106360000F931F93CF93DF93EA01FC01E60FF71F12
:1063700082819381F4800091EB071091EC07011565
:10638000110581F482E090E0998388838CEF9FEF80
:10639000DF91CF911F910F91FF90DF90CF90BF9031
:1063A000AF9008952091ED073091EE078217930783
:1063B00038F082E090E0998388838EEF9FEFE8CFFA
:1063C0002FEF2F0D2C3FA8F723E1289F6001299F75
:1063D000D00C11240C0D1D1DF80180819181892B99
:1063E00089F6FDE0FF9E50011124C5010E94573D32
:1063F000F80191838083E091EB07F091EC07EC0DBD
:10640000FD1D80819181009739F482E090E09983AD
:1064100088838DEF9FEFBCCFA50170E060E00E9404
:10642000F44EE091EB07F091EC07EC0DFD1DF282CC
:1064300081E090E09983888390E080E0A9CFCF92BB
:10644000DF92EF92FF920F931F93CF93DF93860F0C
:10645000971FFC01028113818091EB079091EC075B
:10646000892B81F082E090E0FA01918380838CEFA8
:106470009FEFDF91CF911F910F91FF90EF90DF90F1
:10648000CF900895C801B0E0A0E00197A109B1093B
:106490008F3F9F4FA105B10540F082E090E0FA01E7
:1064A000918380838EEF9FEFE4CF7A0183E1809F19
:1064B0006001819FD00C1124C6010E94573DEC0160
:1064C000009741F482E090E0F701918380838DEFA3
:1064D0009FEFCFCFA60170E060E00E94F44ED09312
:1064E000EC07C093EB071093EE070093ED0790E0E5
:1064F00080E02FEF3FEF41E061E070E0801791070F
:1065000041F481E090E0F7019183808390E080E0A6
:10651000B0CF3A8B298B1B864C877E876D87188A74
:106520001F8601966396EACFEF92FF921F93CF9357
:10653000DF93EC0110E0F12CE12C6A811617B0F02A
:1065400083E0689FB0011124AE014F5E5F4FC70129
:106550000E94BC3D009721F02FEF3FEF3A8B298B33
:10656000DF91CF911F91FF90EF900895612FCE01A1
:1065700085DC61E070E00E94043CE816F90608F44E
:106580007C011F5FDACFF8942091E9073091EA0788
:1065900081E02115310509F080E0232B09F0789482
:1065A00008952F923F924F925F926F927F928F92B7
:1065B0009F92AF92BF92CF92DF92EF92FF920F9392
:1065C0001F93CF93DF933C01660E771EF301828108
:1065D00093814C01B12CA12CC091EB07D091EC0719
:1065E000209769F021E030E06091ED077091EE07AF
:1065F0008617970710F030E020E0232BD1F482E0DB
:1066000090E0FA01918380838EEF9FEFDF91CF912D
:106610001F910F91FF90EF90DF90CF90BF90AF90C0
:106620009F908F907F906F905F904F903F902F90B2
:1066300008958092ED049092EE04A092EF04B0923F
:10664000F00463E1689F9001699F300D1124C20F2F
:10665000D31FF3018181833040F082E090E0FA01A2
:106660009183808386EF9FEFD1CF2A012B813C81DC
:10667000232BF1F4288139819F8191FF2EC0232B98
:1066800009F46FC02091F0079A81422F490F5527D6
:10669000551FBA0141E050E06138710514F050E037
:1066A00040E0452B09F45DC02A87920F9093F007D4
:1066B0008150823008F481C066DF882309F4D8C095
:1066C000F3018181813009F48DC008F47BC08230F0
:1066D00009F4C6C090E080E0ADC0232B09F441C0AE
:1066E0002091EF079A81E22FE90FFF27FF1F41E07A
:1066F00050E0ED3FF10514F050E040E0452B89F10A
:106700002A87920F9093EF07D3CFA081B181A20F78
:10671000B31F11966C91060F111D0196295F3F4F13
:106720008417950794F38D859E85089F1001099F16
:10673000300C189F300C1124C114D104D1F48F8176
:1067400084FF17C00E94523CF5E02F0E311C21E05F
:106750008215930508F420E0A701435F5F4F2111E4
:106760000EC082E090E0F2019183808387EF9FEF7B
:106770004DCF0E94523C2FEF221A320AE8CF888177
:106780009981E80EF91EF70114830383FFEFCF1AF6
:10679000DF0A7A018A818C151D0409F00CF48CCF74
:1067A000E881F981EE0DFF1D428150E030E020E0EC
:1067B00010E000E090E080E0B3CFF12CE12CD12C90
:1067C000C12CE8CF81E090E09C838B83E9DA8823B9
:1067D00009F480CF81E090E00E944D2B80E40E947C
:1067E0005B2B78CF89899A89019661F083E090E0EC
:1067F0009C838B8382E090E00E944D2B80E40E947A
:10680000552B68CF8D819E812091E3043091E40463
:1068100082179307D1F46091E7047091E804AE0108
:106820004F5E5F4F8091E5049091E6040E94DB3E4D
:106830000097E1F2789422E030E0F2013183208386
:10684000892B99F08DEF9FEFE1CE89288A288B283C
:1068500069F6029758F6CE0167DE188A1F86E8CFE0
:1068600082E090E09C838B8335CF90E080E0CECEB9
:1068700082E090E0F2019183808385EF9FEFC6CEA6
:106880008F929F92AF92BF92CF92DF92EF92FF9240
:106890000F931F93CF93DF93EA018C01060F171F0D
:1068A000F8018181833098F082E090E099838883B9
:1068B00086EF9FEFDF91CF911F910F91FF90EF90A7
:1068C000DF90CF90BF90AF909F908F900895809170
:1068D000EB079091EC07892B61F081E090E020912B
:1068E000ED073091EE07232B11F490E080E0892B27
:1068F00039F482E090E0998388838EEF9FEFDACFBE
:1069000042DE882309F4E0C0F8018181813009F476
:1069100096C0E8F0823099F42091ED073091EE07AF
:10692000E091EB07F091EC0790E080E041E050E06F
:106930002817390709F0BEC033DA811117C07894DF
:1069400081E090E09983888390E080E0B3CF20914C
:10695000ED073091EE07E091EB07F091EC0790E046
:1069600080E041E050E02817390741F481E090E0F1
:106970000E944D2B80E40E945B2BE1CF63817481E8
:10698000672B11F05483438301967396ECCFE0910B
:10699000EB07F091EC07E00FF11F238134812230E7
:1069A0003105D9F4218932892F3F3F4FB1F4258138
:1069B00036814091E3045091E4042417350761F5D2
:1069C000AF014F5E5F4F6091E7047091E8048091E2
:1069D000E5049091E6040E94DB3EEFEFCE1ADE0A5A
:1069E000EE0AFE0A0D5E1F4F4091ED075091EE0733
:1069F00070E060E0C416D506E606F70644F5009799
:106A000031F27894892B09F49BCF82E090E099834E
:106A100088838DEF9FEF4ECFC114D104E104F104C0
:106A2000E1F622303105C8F6CF017EDDE091EB07BB
:106A3000F091EC07E00FF11F108A1786CECF10E01F
:106A400000E090E080E0C12CD12C7601CDCF009702
:106A5000C1F610E000E0812C912C540183E0E82E77
:106A6000F12C1AC0E091EB07F091EC07E00FF11F59
:106A700083819481029749F4F482E38282E090E07A
:106A80000E944D2B80E40E94552BFFEF8F1A9F0A26
:106A9000AF0ABF0A0D5E1F4F8091ED079091EE0780
:106AA000B0E0A0E088169906AA06BB06DCF290E0EA
:106AB00080E0A7CF638174816230710511F4548343
:106AC00043830196739634CF82E090E09983888364
:106AD00085EF9FEFEFCE0097B9F48FEFFB01808336
:106AE0002091ED043091EE0443E1429FC001439FA9
:106AF000900D1124E091EB07F091EC07E80FF91FDE
:106B00008285FB01818308950C94012B88E090E03D
:106B1000FA019183808390E080E008951092EA0763
:106B20001092E907EBEEF7E086E0DF011D928A950F
:106B3000E9F787E191E39093E8078093E7070895E9
:106B40008091E7079091E80708952F923F924F9226
:106B50005F926F927F928F929F92AF92BF92CF92ED
:106B6000DF92EF92FF920F931F93CF93DF93CDB7F6
:106B7000DEB72F970FB6F894DEBF0FBECDBFF894E7
:106B8000E091E907F091EA073196F093EA07E09384
:106B9000E90778944090EB075090EC0741145104BA
:106BA00009F40CC2E091ED07F091EE07EF2B09F428
:106BB00005C22D8749875A876B877C8798878F8383
:106BC0001201B12CA12C10E000E08091ED07909112
:106BD000EE07A816B90618F40115110529F1F89465
:106BE0008091E9079091EA0701979093EA078093D3
:106BF000E9077894C8012F960FB6F894DEBF0FBE50
:106C0000CDBFDF91CF911F910F91FF90EF90DF905B
:106C1000CF90BF90AF909F908F907F906F905F903C
:106C20004F903F902F9008957101E418F508D1011D
:106C300017968C91179781FD54C013968D919C9156
:106C40001497039709F04DC015968D919C91EF8193
:106C5000F8858E179F0709F044C0B50190E080E0E9
:106C60007FD48A832091EB073091EC073D832C83FE
:106C70003D85332309F44CC04C815D81452B09F4DB
:106C80009AC18091ED079091EE07A816B90608F019
:106C900092C1C501CFD88823E9F06C817D816E0D4A
:106CA0007F1D7D836C83DB011F968D919C91892BC9
:106CB00089F0D12CC12CF12CE12CAC81BD81129634
:106CC0008C9112978E151F0409F094F450961C9223
:106CD0001E921F972A81222321F0B50190E080E0C7
:106CE00041D43FEFA31AB30A43E1240E311C6DCF08
:106CF000AC81BD81ED91FC91EC0DFD1D85819681EE
:106D00000FD7BFEFEB1AFB0AEDE0CE0ED11CD5CFAB
:106D1000EC81FD81309709F44EC18091ED0790918F
:106D2000EE07A816B90608F046C1EE0DFF1DFF8755
:106D3000EE87C5017FD88B83882339F1AE85BF8567
:106D40001F968D919C915097019621E01D964D9133
:106D50005C918417950709F020E02E831982712C2D
:106D600010E000E0AE85BF8512968C91781608F48D
:106D70005DC0EE85FF85878590890196658576855E
:106D80000E94944E908B8787A5CFB1E0BE83E6CF5B
:106D9000992493946BC08BD6F6019683858382C029
:106DA000D601ED90FC90B7E06B9EE00CF11C112435
:106DB000F7016381748180818F3F61F121E030E0D0
:106DC00002C0220F331F8A95E2F7C901092E000C79
:106DD000AA0BBB0BFB01408151816281738184232B
:106DE0009523A623B72321E0892B8A2B8B2B09F42B
:106DF00020E0D4012C93D70111968C91F6012385C4
:106E00003485820F932F911D880E991E1486138648
:106E100063949BC0418150E0C4010E94EB4EEBCFD4
:106E2000998206EF1FEFC5C01982C3C0F981F11125
:106E3000A0CFEDE07E9E70011124AE85BF85CD9080
:106E4000DC90CE0CDF1C15D49D838C83BB81BB23CF
:106E500009F49ECF81E0EE85FF8527853089232BBD
:106E600009F080E0982E882309F458C0672D8E859C
:106E70009F8504D8D60118969C938E93179761E04E
:106E800070E0C2D4EE85FF85218932892F3F320719
:106E900009F481CFBC01C901CFD7D60116969C93C6
:106EA0008E931597D60115968D919C911697009704
:106EB00009F4B6CFEC81FD818E0F9F1F1A969C932B
:106EC0008E931997AE85BF85ED91FC911197EE0ECB
:106ED000FF1EF70121853285148613861A968C9140
:106EE000870DD9018D93711016C0EE85FF858781BE
:106EF00084FF11C049855A856B857C85F9014183E2
:106F0000528363837483F701838594850496A80F65
:106F1000B91F14861386F701B287A187D60115968B
:106F20008D919C911697892B09F443C0EE85FF85BE
:106F3000258136818091E3049091E4042817390774
:106F400079F019968D909C90612CD60112968C91B7
:106F50001297681608F424CF1A969C928E9219976D
:106F6000BE81BB2309F460CF61E070E0F601878148
:106F700090854AD4D6011796ED90FC9018971596F7
:106F80004D915C91E1E0F0E0BA81BB2311F0F0E0BB
:106F9000E0E00C811D819C01B501882799278E1B9B
:106FA0009F0B6AD38C01892B21F0F6018581968194
:106FB000B7D57394D7CE0FEF1FEF8CCE10E000E063
:106FC0000ECE2F923F924F925F926F927F928F924E
:106FD0009F92AF92BF92CF92DF92EF92FF920F9368
:106FE0001F93CF93DF938091EB079091EC0710E014
:106FF00000E0892BA9F0C7DA0AEF1FEF882381F0A0
:107000002090ED073090EE07C091EB07D091EC0790
:10701000D12CC12C10E000E02C143D04A9F478948C
:10702000C801DF91CF911F910F91FF90EF90DF90FA
:10703000CF90BF90AF909F908F907F906F905F9018
:107040004F903F902F900895C6010E941A2F8823D9
:1070500009F18B819C810397E9F48F859889892BAD
:10706000C9F0B60190E080E07BD221E030E08823D7
:1070700011F030E020E044245524421A530AB12C88
:10708000A12C912C812C8A818815190409F038F4DF
:10709000188A1F864FEFC41AD40A6396BDCFE881C1
:1070A000F981EA0DFB1D85819681892BA1F161E0B3
:1070B00070E087819085A8D33C01DBD28C01E88108
:1070C000F981EA0DFB1D8185928525813681200F8E
:1070D000311FAC01421B530B9A0147815085421B63
:1070E000530B70E060E00E94F44EE881F981EA0DF4
:1070F000FB1DE780F084458156819301B601C201F2
:10710000BBD28C01892B39F0E881F981EA0DFB1D96
:107110008581968105D55FEF851A950A8DE0A80EC9
:10712000B11CB1CF30CA789408952F923F924F92FC
:107130005F926F927F929F92AF92BF92CF92DF92B7
:10714000EF92FF920F931F93CF93DF9300D000D065
:10715000CDB7DEB70091EB071091EC07992493941B
:107160000115110509F43EC0A090ED07B090EE079F
:107170000ADA982E8823B1F11092EC071092EB07EF
:107180001092EE071092ED071092EF071092F007A1
:107190008FEF9FEFDC018093ED049093EE04A093BA
:1071A000EF04B093F00478947FD31E830D83C12C39
:1071B000D12C7601C501B0E0A0E089839A83AB832E
:1071C000BC8322242A94322C89819A81AB81BC8190
:1071D000C816D906EA06FB06F4F0C801A1D480E47B
:1071E0000E945B2B892D26960FB6F894DEBF0FBE4A
:1071F000CDBFDF91CF911F910F91FF90EF90DF9066
:10720000CF90BF90AF909F907F906F905F904F9086
:107210003F902F900895AD81BE8115968D919C91E0
:1072200016972091E3043091E40482179307D1F478
:1072300051968D919C91EED5ED81FE818081918159
:10724000B12CA12C412C512C3201892B89F5BFEF97
:10725000CB1ADB0AEB0AFB0AED81FE817396FE83F3
:10726000ED83B2CFC114D104E104F10429F70297F0
:1072700018F7ED81FE81818992898F3F980709F087
:1072800029D5AD81BE8152963C922E925197D4CF92
:107290008A0D9B1DDC018D919C91009709F040D4D3
:1072A000BFEF4B1A5B0A6B0A7B0AEDE0AE0EB11C16
:1072B000AD81BE818D919C91119712964C9150E0B9
:1072C00070E060E044165506660677060CF328D495
:1072D000BECFCF93DF93EA0128DF811109C082E09E
:1072E00090E09983888385EF9FEFDF91CF91089598
:1072F00081E090E00E944D2B81E090E099838883AB
:1073000090E080E0F2CF11DF1092E8071092E707DB
:10731000089542E050E061EC75E00C946B2BFF9215
:107320000F931F93CF93DF938A01EC01C60FD71FF2
:10733000F980B9D20897F816190671F068F082E062
:1073400090E0F801918380838EEF9FEFDF91CF91E2
:107350001F910F91FF9008956C817D818E819F8197
:107360004B810E94002E811108C082E090E0F8015C
:107370009183808384EF9FEFE9CFF9800E94FB2DFA
:107380004F2D50E0BE01685F7F4F0E94EB4E898118
:107390000E946A2E81E090E0F8019183808390E062
:1073A00080E0D4CFDF92EF92FF920F931F93CF93A1
:1073B000DF938A01EC01C60FD71F0E94FB2D7C01D1
:1073C000D98071D2DD2059F0029721E030E0D81643
:1073D000190619F010F030E020E0232B79F482E058
:1073E00090E0F801918380838EEF9FEFDF91CF9142
:1073F0001F910F91FF90EF90DF900895EF2841F4D7
:1074000082E090E0F8019183808384EF9FEFEECFDC
:10741000F9800E94FB2D4F2D50E0BE016E5F7F4F23
:107420000E94EB4E89810E946A2E81E090E0F80173
:107430009183808390E080E0D9CF89E899E39093AD
:10744000F2078093F10708958091F1079091F20778
:1074500008950895FC011182108293838283089518
:10746000DB011D921C92DC011296ED91FC911397A9
:107470007183608313967C936E9312970895FC0139
:1074800080819181DB018D939C93A081B1811097C4
:1074900041F08D919C9191838083892B11F4F3832A
:1074A000E2830895FC0180819181DB018D939C939F
:1074B000892B11F473836283718360830895FC01C7
:1074C00011821082938382830895CF93DF931F925A
:1074D0001F92CDB7DEB71A821982F894BE016F5F92
:1074E0007F4F88EF97E0CBDF89819A81009709F081
:1074F00017D389819A81892B89F7BE016F5F7F4FEE
:107500008CEF97E0BCDF89819A81009709F008D35E
:1075100089819A81892B89F778940F900F90DF9158
:10752000CF910895CF93DF931F921F92CDB7DEB70F
:107530001A821982F894BE016F5F7F4F84EF97E043
:107540009EDF89819A81009709F0EAD289819A8128
:10755000892B89F778940F900F90DF91CF91089540
:1075600081E0089590E080E00895EF92FF920F93FC
:107570001F93CF93DF931F921F92CDB7DEB71A826E
:1075800019828091F30707EF1FEF8823A1F1F89488
:10759000BE016F5F7F4F8CEF97E071DF7894898138
:1075A0009A81EE24E394F12C892B51F4F894BE01D6
:1075B0006F5F7F4F88EF97E062DF7894F12CE12CCA
:1075C00089819A810EEF1FEF0097A9F0FC0142819B
:1075D000538164E070E078D68C01892B61F0F894D7
:1075E00069817A81C701880F991F880F991F885078
:1075F000984F58DF7894C8010F900F90DF91CF918A
:107600001F910F91FF90EF9008950F931F93CF93C9
:10761000DF9300D01F92CDB7DEB71C821B821A8287
:1076200019828091F30707EF1FEF8823C1F0AE01A5
:107630004D5F5F4F64E070E0CE010196B8D68C01DB
:10764000892B69F4E981FA818B819C819383828300
:10765000F89469817A8184EF97E002DF7894C80119
:107660000F900F900F900F90DF91CF911F910F917E
:107670000895BDD7049608958F929F92AF92BF92BE
:10768000CF92DF92EF92FF920F931F93CF93DF93EE
:107690001F921F92CDB7DEB71A821982BC016F5FAD
:1076A0007F4F6330710598F0AA24AA94BA2CC501C3
:1076B0000F900F90DF91CF911F910F91FF90EF905E
:1076C000DF90CF90BF90AF909F908F90089541151D
:1076D000510551F3480159018A016C01CADF88152F
:1076E000990511F7E114F104F9F28E0D9F1DA8160A
:1076F000B906D0F28091F3078823F1F0F894B50130
:10770000645071099701AE014F5F5F4FC801049645
:10771000E3D65C01892B71F489819A81F801938306
:107720008283C601880F991F880F991FB80188505E
:10773000984F96DE7894BBCF87EFA82EBB24BA94DF
:10774000B6CFAF92BF92CF92DF92EF92FF920F939C
:107750001F93CF93DF931F921F92CDB7DEB71A828C
:107760001982892B09F047C06115710509F443C0DE
:107770004115510509F43FC02115310509F43BC0FD
:1077800001151105C1F18091F3078823B9F1790141
:107790006A015B01F894BE016F5F7F4F84EF97E051
:1077A0006EDE789489819A81009759F1DC011296F6
:1077B0006D917C91A8010496A8D68C01E981FA818B
:1077C000D501ED93FC93828193810496F601918318
:1077D00080834FDFD7018D939C93C8010F900F904A
:1077E000DF91CF911F910F91FF90EF90DF90CF909D
:1077F000BF90AF9008950FEF1FEFEFCF07EF1FEF90
:10780000ECCF0EEF1FEFE9CFCF93DF93EC01672BA7
:1078100071F4F6D68C179D0760F0E9D62496C80F50
:10782000D91FE8D68C0F9D1FDF91CF910895E5D623
:10783000F1CF90E080E0F8CF0F931F93CF93DF93C9
:107840002091F30721112BC08B01EC0188EF97E009
:1078500001DE8CEF97E0FEDD84EF97E0FBDD97D053
:107860000097C1F4CDD670E060E0CEDF41EF54E088
:1078700062E070E081D1009769F48091F104909109
:10788000F204D0D6B801CE0105D5009719F421E055
:107890002093F307DF91CF911F910F91089584EF0B
:1078A0009FEFF8CFAAC6ACC6CF93DF93ACD6EC015E
:1078B000892B11F40ADE36DECE01DF91CF910895D7
:1078C000CF93DF93A0D6EC01892B09F4FEDDCE0126
:1078D000DF91CF9108958091F1049091F204089581
:1078E000CF93DF938091F307D0E0C0E08823D1F0FD
:1078F0009ED6EC01892BB1F4E8DD14DE8091F10411
:107900009091F204E7D1E8D2EC01892B59F488EF89
:1079100097E0D5DD8CEF97E0D2DD84EF97E0CFDD07
:107920001092F307CE01DF91CF910895EF92FF926D
:107930000F931F93CF93DF93EC017A018B010F5FBD
:107940001F4F0E9DA0010F9D500D1E9D500D112427
:1079500070E060E00E94F44E90E080E0F0E0E0E053
:107960002FEFE816F90639F4DF91CF911F910F91AF
:10797000FF90EF9008951A8219822883309711F0B2
:10798000D283C1830196FE01C00FD11FEACFCF92EF
:10799000DF92EF92FF920F931F93CF93DF930DE649
:1079A0001DE00C7F43E050E063EF74E089EF94E06A
:1079B0001ED483EFE82E84E0F82E99EFC92E94E0D0
:1079C000D92ECCE1DFE0D7014D915D917D01F6012B
:1079D000619171916F01198308835D834C835B838F
:1079E0004A837F836E839B012F5F3F4F249FC0019B
:1079F000259F900D349F900D11249987888701153C
:107A0000110511F0C80192DF88859985080F191FAB
:107A10002A96F9EFEF16F4E0FF06A9F6E2E0F8E0A7
:107A200088E695E0DF019C011D9221503040E1F78E
:107A3000109201081092000810923B0F10923A0F1A
:107A400010923F0F10923E0F10923D0F10923C0F7C
:107A50001092410F1092400F1092430F1092420F5C
:107A60001092450F1092440F1092490F1092480F38
:107A70001092470F1092460F10924B0F10924A0F20
:107A800010924D0F10924C0F1092190F1092180F68
:107A900010921B0F10921A0F90E080E0DF91CF91AF
:107AA0001F910F91FF90EF90DF90CF900895009776
:107AB000F1F0F894A9EFB4E0ECE1FFE030E020E071
:107AC0004D915D9148175907A8F0428153814115A6
:107AD000510581F08AE0829FF001839FF00D11240F
:107AE000E45EF04F80819181009759F4789490E0A2
:107AF00080E008952F5F3F4F3A962330310501F71C
:107B0000F5CFDC0111966D917C91718360834150BA
:107B1000510953834283FC012193CF017894089546
:107B2000009749F1DC018E91853041F4E0911A0F04
:107B3000F0911B0F3097F9F0CD0119948530D8F4EE
:107B4000282F30E0F8948FEF8C938AE0829FF00129
:107B5000839FF00D1124E45EF04F80819181129695
:107B60009C938E931197B183A08382819381019618
:107B70009383828378940895CF92DF92EF92FF925D
:107B80000F931F93CF93DF939C0185E098E08C7F48
:107B90004115510509F49BC02115310509F497C021
:107BA0006115710509F493C07A01AB01B9016D5FEC
:107BB0007F4F6C7F9B012F5F3F4F249F8001259F4C
:107BC000100D349F100D1124F89420913A0F30912C
:107BD0003B0F232B59F42091420F3091430F211575
:107BE000310569F12017310708F058C02091440F82
:107BF0003091450F232B91F42091420F3091430F88
:107C0000820F931F20914C0F30914D0F211531059C
:107C100009F441C02017310708F056C07894CFEF1F
:107C2000DFEF86EF9FEFF701D183C083DF91CF9124
:107C30001F910F91FF90EF90DF90CF900895C3E0D8
:107C4000D0E0C0900008D090010825E635E02C195E
:107C50003D092017310710F32AE02C9FF0012D9FDA
:107C6000F00D1124E45EF04F9183808355834483AB
:107C7000538342837783668311870087009709F0D7
:107C800055DE0C0D1D1D109301080093000878941B
:107C900090E080E0C8CFC4E0D0E0D3CFC3E0D0E034
:107CA0002AE02C9FF0012D9FF00D1124E45EF04F8F
:107CB0009183808355834483538342837783668390
:107CC000009729F333DEE3CFC4E0D0E0E9CF8FEFB4
:107CD0009FEFACCF9C010397029708F069C0F8941E
:107CE00084E09AE0482F50E0241735070CF44DC08B
:107CF00091E08AE0829FF001839FF00D1124E45E01
:107D0000F04F118210821582148213821282178220
:107D100016829923B1F180913A0F90913B0F892BF4
:107D2000A9F42091420F3091430F2115310571F0D4
:107D30008091000890910108821B930B9093010899
:107D4000809300081092430F1092420F8091440FCD
:107D50009091450F892BA9F420914C0F30914D0F34
:107D60002115310571F08091000890910108821B66
:107D7000930B909301088093000810924D0F10927E
:107D80004C0F789490E080E00895949FF001959FC7
:107D9000F00D1124E45EF04F40815181452B31F408
:107DA00040855185452B11F481509CCF90E0A1CFA7
:107DB0008FEF9FEF08954115510549F1009739F173
:107DC0006115710521F1F8942091180F3091190F68
:107DD000232BB9F420911A0F30911B0F232B89F418
:107DE0009093190F8093180F70931B0F60931A0FC5
:107DF000789425E030E090E080E0FA013183208340
:107E0000089578942FEF3FEF86EF9FEFF6CF8FEF37
:107E10009FEF0895059769F4F8941092190F109246
:107E2000180F10921B0F10921A0F789490E080E0B8
:107E300008958FEF9FEF08956115710519F4F0E033
:107E4000E0E011C08530910581F4E091180FF091C8
:107E5000190F3097A1F3CB0101961995009779F38B
:107E6000FC0185E08193CF0108959C0123503109E5
:107E70002230310520F72AE0289FD001299FB00D3C
:107E80001124A45EB04F2D913C911197232BB9F290
:107E900016962D913C9117972617370780F2F89484
:107EA00012962D913C9113972115310529F0ED91F2
:107EB000FC911197309711F47894C1CF4181528190
:107EC00011965C934E932150310913963C932E9357
:107ED000129781937894C7CFEAE6FDE08EEA91E0AD
:107EE000DF019C011D9221503040E1F7E2E0F8E013
:107EF00088E695E0DF019C011D9221503040E1F7BA
:107F00001092010810920008ECE1FFE082E3DF012B
:107F10001D928A95E9F7E8E1FFE084E0DF011D9218
:107F20008A95E9F790E080E00895CF93DF93C091C0
:107F3000FF04D0910005CF3FDC0759F45FD4909344
:107F400000058093FF0497FF09C0D0930005C093FC
:107F5000FF0484EF9FEFDF91CF91089590E080E0E0
:107F6000FACF8230910528F480934E0F90E080E0A4
:107F700008958FEF9FEF08954F925F926F927F92D7
:107F8000AF92BF92CF92DF92EF92FF920F931F9327
:107F9000CF93DF931F921F92CDB7DEB71A8219825B
:107FA000009709F479C06115710509F475C0209135
:107FB000FF043091000507EF1FEF2F3F3F4F09F4FB
:107FC00045C06B015C01412C512C3201F12CE12C9C
:107FD00010E000E09E012F5F3F4FA6014E195F09A0
:107FE000B5016E0D7F1D8091FF049091000565D451
:107FF000892B09F04BC089819A81009741F4E114E3
:10800000F10429F420914E0F222309F442C0E80E16
:10801000F91EEC14FD04D0F480E8481684E85806F4
:108020008EE16806710420F560E070E0CB010E94EB
:108030009F482AE0420E511C611C711C0A3F4FEF01
:10804000140721F0043F8FEF1807A1F4C8010F9027
:108050000F90DF91CF911F910F91FF90EF90DF90E4
:10806000CF90BF90AF907F906F905F904F900895AA
:1080700001EF1FEF81E090E0013F2FEF120711F0B9
:1080800090E080E0892B09F4A5CFE0CF04EF1FEF4B
:10809000DDCF0AEF1FEFDACF0FEF1FEFD7CF4F92F1
:1080A0005F926F927F92AF92BF92CF92DF92EF92E8
:1080B000FF920F931F93CF93DF931F921F92CDB721
:1080C000DEB71A821982009709F478C0611571052C
:1080D00009F474C02091FF043091000507EF1FEFF1
:1080E0002F3F3F4F09F444C06B015C01412C512CE0
:1080F0003201F12CE12C10E000E09E012F5F3F4F98
:10810000A6014E195F09B5016E0D7F1D8091FF0418
:108110009091000588D3892B09F04AC089819A8102
:10812000009741F4E114F10429F420914E0F222329
:1081300009F441C0E80EF91EEC14FD04C8F480E413
:10814000481682E458068FE06806710418F560E06E
:1081500070E0CB01F4D72AE0420E511C611C711C67
:108160000E3F4FEF140721F0043F8FEF1807A1F4E3
:10817000C8010F900F90DF91CF911F910F91FF9049
:10818000EF90DF90CF90BF90AF907F906F905F9017
:108190004F90089502EF1FEF81E090E0023F2FEF34
:1081A000120711F090E080E0892B09F4A6CFE0CF10
:1081B00004EF1FEFDDCF0EEF1FEFDACF0FEF1FEF52
:1081C000D7CF8091FF04909100058F3F980749F029
:1081D0000DD3892B49F48FEF9FEF90930005809387
:1081E000FF0490E080E0089584EF9FEF0895CF9220
:1081F000DF92EF92FF920F931F93CF93DF9321E0D3
:108200004115510509F020E04150510921112CC0C0
:10821000DC01FB01D12CC12C21E022C03FEFC31AAD
:10822000D30A7D010D911D91E701EA80FB80E016E4
:10823000F106A8F420813181E280F380F182E082AE
:1082400033832283ED90FC9011979D0122503109D8
:10825000E901F982E88211961C930E9320E0329690
:10826000C416D506D8F2D2CFDF91CF911F910F91CE
:10827000FF90EF90DF90CF900895FC01680F791F79
:1082800090E080E0E617F70709F408952191820F46
:10829000911DF8CF20914F0F211113C046DE00979A
:1082A00091F41092550F1092540F1092530F109298
:1082B000520F1092510F1092500F21E020934F0F48
:1082C000089584EF9FEF0895AF92BF92CF92DF920F
:1082D000EF92FF920F931F93CF93DF93009709F4D0
:1082E00060C04630510508F45CC020914F0FC7EFC5
:1082F000DFEF222309F449C08C01060F171FF80194
:10830000C080D180C114D10409F44EC096012A5F07
:108310003F4F4217530708F447C07C018091540F28
:108320009091550F93838283B6016C5F7F4F580104
:10833000A60EB71EC801A1DFF5019183808364E01A
:1083400070E0C80119DEEC01892BF9F481E090E0BE
:1083500008DEB601C80104960FDEEC01892B91F40A
:1083600062E070E0C50108DEEC01892B59F4C70119
:10837000D7DB8091540F9091550F01969093550F34
:108380008093540F90E080E0ECDDCE01DF91CF913F
:108390001F910F91FF90EF90DF90CF90BF90AF9023
:1083A0000895CFEFDFEFF1CFC9EFDFEFEECF6F92A0
:1083B0007F928F929F92AF92BF92CF92DF92EF9275
:1083C000FF920F931F93CF93DF9300D01F92CDB7EF
:1083D000DEB7009709F47AC04115510509F476C05B
:1083E00020914F0F07EF1FEF222309F44DC03A01F0
:1083F0007B015C0164E070E0CE01019650DE8C01EF
:10840000892B09F041C009811A810115110509F470
:108410005AC0480186E0880E911CB701680D791D8D
:10842000809101059091020507DD6C01009709F428
:1084300050C0A70170E060E00E94F44E89819A81EB
:10844000AB81BC81EC0CFD1CF70181939193A1934E
:10845000B1937F0181E090E084DDB801C7011FDEA8
:10846000892B31F562E070E0C701800F911F17DEA4
:108470008C01892BE9F490E080E073DDF501D18275
:10848000C082F30191828082C8010F900F900F90FB
:108490000F90DF91CF911F910F91FF90EF90DF90A0
:1084A000CF90BF90AF909F908F907F906F900895E6
:1084B00090E080E056DDF50111821082F301118217
:1084C0001082C6012DDB09EF1FEFDECF0FEF1FEF8C
:1084D000DBCF06EF1FEFD8CF0097A1F04115510574
:1084E00089F02115310571F0F90136966E177F0775
:1084F00048F0DC012D933C93DA01ED93FC9390E07E
:1085000080E008958FEF9FEF0895AF92BF92CF92D2
:10851000DF92EF92FF920F931F93CF93DF93009719
:1085200009F45FC04115510509F45BC06530710560
:1085300008F457C020914F0FC7EFDFEF222391F1CE
:10854000DC01CD90DC9011971296ED91FC91960193
:108550002A5F3F4FC9EFDFEF2617370719F5C091A4
:10856000500FD091510F209749F521E030E0309322
:10857000510F2093500F7A018C01F093530FE09329
:10858000520F5601B4E0AB0EB11CB50176DE0A0DF8
:108590001B1DF801208131818217930729F5D7012E
:1085A000CD92DC92CE01DF91CF911F910F91FF9080
:1085B000EF90DF90CF90BF90AF9008952091520F31
:1085C0003091530F2F5F3F4FCCEFDFEFE217F307F0
:1085D00090F2CBEFDFEF2E173F0768F2D0E0C0E05C
:1085E000CACFCFEFDFEFDECFC3EFDFEFDBCF84E02B
:1085F00090E0089582E090E008958CEF9FEF089559
:1086000080E290E008951092550F1092540F10924E
:10861000530F1092520F1092510F1092500F90E082
:1086200080E008959093020580930105089580915C
:108630004F0F882391F0C5DD009789F41092550FF4
:108640001092540F1092530F1092520F1092510F1C
:108650001092500F10924F0F089590E080E008950F
:10866000009749F06115710531F0FC01118210820B
:10867000FB01118210820895F3CF089526E030E0C7
:1086800040E855E260E070E090E080E000C01092C9
:10869000570F1092560F8930910508F03BC0FC012E
:1086A0008827EA5AFC4B8F4F0C94CA4E5F436943AC
:1086B00072437B4384438B438E439143974381E0D2
:1086C00090E09093570F8093560F85E69FE00C94AF
:1086D000C74B82E090E09093570F8093560F82E053
:1086E00090E1F5CF84E090E09093570F8093560F80
:1086F0008FE990E1ECCF88E090E09093570F809362
:10870000560F8CE391E1E3CF80E190E09093570F17
:108710008093560F089580E290E0F8CF80E490E0D7
:10872000F5CF80E890E09093570F8093560F80919B
:10873000560F9091570F9160E9CF1F920F920FB68D
:108740000F9211240BB60F922F933F934F935F9389
:108750006F937F938F939F93AF93BF93EF93FF9309
:108760008FE89DEF9093250180932401BAD0FF916B
:10877000EF91BF91AF919F918F917F916F915F9199
:108780004F913F912F910F900BBE0F900FBE0F9006
:108790001F9018958FE89DEF9093250180932401F9
:1087A000A3E7B0E08C918E7F8C93E0E2F1E08081D2
:1087B0008C7F8083E1E2F1E08081877E808380810D
:1087C0008460808380818C7F80838C9181608C9396
:1087D0000895E3E7F0E0808190819E7F908381702F
:1087E000089581E008951092580F089568EE73E09F
:1087F00080E090E0A4D490E080E0089526E030E0AE
:1088000040E050E16EE070E090E080E040DF85E61F
:108810009FE0F3D6892B21F085E69FE008D7F7CFBC
:1088200090E080E00895CF92DF92EF92FF920F9355
:108830001F93CF93DF936B017A01E90119821882AC
:1088400085E69FE0DAD6892B69F18601CC24C394B2
:1088500082E0D82E8091580F811110C085E69FE0EC
:10886000E6D60297B9F7C092580FF801D1928F015E
:1088700088819981019699838883ECCF8881998139
:108880008E159F0578F485E69FE0D1D68F3F980737
:10889000A9F3F80181938F018881998101969983C9
:1088A0008883ECCF90E080E0DF91CF911F910F9112
:1088B000FF90EF90DF90CF9008950F931F93CF9389
:1088C000DF93EA01890185E69FE00E94574EF80197
:1088D000D183C08390E080E0DF91CF911F910F9111
:1088E00008958091590F91E0980F9093590F882324
:1088F00049F021E030E030935B0F20935A0F8093D2
:10890000590F089578940E944C06F8948091590F5D
:108910008150F5CF0F931F93CF93DF931092EF15F4
:108920001092EE1542D4AADEC0914705D0914805B9
:10893000198218826FEF7FEFCB010E94420570E031
:1089400060E090E080E00E94BC03009709F042C024
:108950000E946E1DF89478948A819B81BC01685FA7
:108960007F4F0E94BF03892B71F46FEF7FEFCB0124
:108970000E9451040E943C05882329F081E0FE01F9
:10898000EB54FF4F8083F89405DF0E943F05882356
:1089900011F080E00BC00E943C058111FACF81E00C
:1089A000FE01EB54FF4F90819111F3CF8093EE15B0
:1089B00078940E94482B8C017894CB54DF4F80919F
:1089C000EE1581110CC00E94EF210E942005F89441
:1089D00090E080E0DF91CF911F910F9108950E9468
:1089E0001D050E943F058823E1F081E08093EF158B
:1089F0009091EF1581E0911180E08093EE158091C8
:108A0000EF158111E6DE0130110529F40E94482B93
:108A1000892B09F4E8DE0E94482B8C01E2DE2DDE72
:108A2000CECF0E943C058111E0CF81E09881911169
:108A3000DDCF80E0DBCF5058BB27AA270ED0C2C1C4
:108A40008BD130F090D120F031F49F3F11F41EF41F
:108A500080C10EF4E095E7FB4DC1E92FD5D180F33D
:108A6000BA17620773078407950718F071F49EF52B
:108A700004C20EF4E0950B2EBA2FA02D0B01B90104
:108A800090010C01CA01A0011124FF27591B99F084
:108A9000593F50F4503E68F11A16F040A22F232F90
:108AA000342F4427585FF3CF469537952795A795E0
:108AB000F0405395C9F77EF41F16BA0B620B730B87
:108AC000840BBAF09150A1F0FF0FBB1F661F771FF8
:108AD000881FC2F70EC0BA0F621F731F841F48F4AD
:108AE000879577956795B795F7959E3F08F0B3CF33
:108AF0009395880F08F09927EE0F9795879508951D
:108B0000D5D008F481E0089536D1E3956CC104D046
:108B10006894B111B3C108957FD188F09F5790F048
:108B2000B92F9927B751A0F0D1F0660F771F881F92
:108B3000991F1AF0BA95C9F712C0B13081F09DD1D2
:108B4000B1E008959AC1672F782F8827B85F39F070
:108B5000B93FCCF3869577956795B395D9F73EF4F1
:108B600090958095709561957F4F8F4F9F4F089599
:108B7000E89409C097FB3EF49095809570956195B7
:108B80007F4F8F4F9F4F9923A9F0F92F96E9BB276D
:108B90009395F695879577956795B795F111F8CFE9
:108BA000FAF4BB0F11F460FF1BC06F5F7F4F8F4F54
:108BB0009F4F16C0882311F096E911C0772321F04A
:108BC0009EE8872F762F05C0662371F096E8862FE2
:108BD00070E060E02AF09A95660F771F881FDAF739
:108BE000880F9695879597F9089530D180F09F3733
:108BF00040F491110EF042C160E070E080E89FEB1C
:108C0000089526F41B16611D711D811D79C093C046
:108C1000A3D018F011F0A7D038F49BC02FC1E92FD2
:108C2000F3D0B0F35523C9F3E7FB6217730784074A
:108C30009507A8F199F3E92FFF2788232AF03197A8
:108C4000660F771F881FDAF7952F5527442332F0D8
:108C500091505040220F331F441FD2F7BB27E91B0E
:108C6000F50B621B730B840BB109C1F222F4620F86
:108C7000731F841FB11D31972AF0660F771F881F5D
:108C8000BB1FEFCF915050405AF041F0882332F093
:108C9000660F771F881F91505040C1F793954BC0C6
:108CA0008695779567959F5FD9F7F8CF990F00085C
:108CB000550FAA0BE0E8FEEF16161706E807F907AE
:108CC000C0F012161306E407F50798F0621B730B49
:108CD000840B950B39F40A2661F0232B242B252BCA
:108CE00021F408950A2609F4A140A6958FEF811D6D
:108CF000811D089597F99F6780E870E060E008950E
:108D0000882371F4772321F09850872B762F07C0A2
:108D1000662311F499270DC09051862B70E060E016
:108D20002AF09A95660F771F881FDAF7880F9695B5
:108D3000879597F908959F3F31F0915020F48795DA
:108D400077956795B795880F911D9695879597F9B3
:108D500008959FEF80EC089500240A9416161706D4
:108D600018060906089500240A941216130614061C
:108D700005060895EECF50D0E8F3E894E0E0BB2775
:108D80009F57F0F02AED3FE049EC06C0EE0FBB0F15
:108D9000661F771F881F28F0B23A6207730784079F
:108DA00028F0B25A620B730B840BE3959A9572F715
:108DB000803830F49A95BB0F661F771F881FD2F753
:108DC0009048BBCF092E0394000C11F4882352F075
:108DD000BB0F40F4BF2B11F460FF04C06F5F7F4FE7
:108DE0008F4F9F4F0895EF93E0FF06C0A2EA2AED50
:108DF0003FE049EC5FEB31DEE5DF0F90039401FCCF
:108E00009058E4EEF0E0F6C057FD9058440F551F1F
:108E100059F05F3F71F04795880F97FB991F61F0FC
:108E20009F3F79F087950895121613061406551F73
:108E3000F2CF4695F1DF08C0161617061806991FDF
:108E4000F1CF86957105610508940895E5DFA0F0DE
:108E5000BEE7B91788F4BB279F3860F41616B11D1A
:108E6000672F782F8827985FF7CF86957795679536
:108E7000B11D93959639C8F30895E894BB276627EA
:108E80007727CB0197F9089511DF08F48FEF089544
:108E90000BD098CF61DF28F066DF18F0952309F03A
:108EA00029CF57CF1124EACFAFDFA0F3959FD1F39D
:108EB000950F50E0551F629FF001729FBB27F00D88
:108EC000B11D639FAA27F00DB11DAA1F649F6627DD
:108ED000B00DA11D661F829F2227B00DA11D621F2C
:108EE000739FB00DA11D621F839FA00D611D221FE6
:108EF000749F3327A00D611D231F849F600D211DCA
:108F0000822F762F6A2F11249F5750408AF0E1F06C
:108F100088234AF0EE0FFF1FBB1F661F771F881FB5
:108F200091505040A9F79E3F510570F0E3CEA6CF77
:108F30005F3FECF3983EDCF3869577956795B795A0
:108F4000F795E7959F5FC1F7FE2B880F911D9695CA
:108F5000879597F908959F930EDF0F9007FCEE5FBA
:108F600042CF11F40EF4F5CEE6CE56DFD0F39923BE
:108F7000D9F3CEF39F57550B87FF35D00024A0E6D9
:108F800040EA900180585695979528F4805C660FCA
:108F9000771F881F20F026173707480730F4621B19
:108FA000730B840B202931294A2BA695179407941B
:108FB000202531254A2758F7660F771F881F20F094
:108FC00026173707480730F4620B730B840B200D0C
:108FD000311D411DA09581F7B901842F9158880F4B
:108FE00096958795089591505040660F771F881F7A
:108FF000D2F708959F938F937F936F93FF93EF938F
:109000009B01AC0145DFEF91FF9105D02F913F917E
:109010004F915F913DCFDF93CF931F930F93FF92BB
:10902000EF92DF927B018C01689405C0DA2EEF018C
:109030003BDFFE01E894A59125913591459155912D
:10904000AEF3EF010ADDFE019701A801DA9479F78A
:10905000DF90EF90FF900F911F91CF91DF910895D6
:109060001F920F920FB60F9211242F933F938F935D
:109070009F93AF93BF9380915D0F90915E0FA091EE
:109080005F0FB091600F30915C0F23E0230F2D37FD
:1090900058F50196A11DB11D20935C0F80935D0FC3
:1090A00090935E0FA0935F0FB093600F8091610F5C
:1090B0009091620FA091630FB091640F0196A11D72
:1090C000B11D8093610F9093620FA093630FB093D3
:1090D000640FBF91AF919F918F913F912F910F900E
:1090E0000FBE0F901F90189526E8230F0296A11D22
:1090F000B11DD2CF3FB7F8948091610F9091620F6C
:10910000A091630FB091640F26B5A89B05C02F3FB7
:1091100019F00196A11DB11D3FBFBA2FA92F982F9D
:109120008827BC01CD01620F711D811D911D42E098
:10913000660F771F881F991F4A95D1F708958F9260
:109140009F92AF92BF92CF92DF92EF92FF926B010C
:109150007C01D0DF4B015C01C114D104E104F104B6
:10916000D9F0D2D5C7DF681979098A099B09683E09
:1091700073408105910580F321E0C21AD108E1080E
:10918000F10888EE880E83E0981EA11CB11CC11462
:10919000D104E104F10431F7FF90EF90DF90CF901C
:1091A000BF90AF909F908F900895789484B582601F
:1091B00084BD84B5816084BD85B5826085BD85B57B
:1091C000816085BDEEE6F0E0808181608083E1E82A
:1091D000F0E0108280818260808380818160808362
:1091E000E0E8F0E0808181608083E1EBF0E0808165
:1091F00084608083E0EBF0E0808181608083E1E93E
:10920000F0E0808182608083808181608083E0E9FA
:10921000F0E0808181608083E1EAF0E0808182601B
:109220008083808181608083E0EAF0E080818160DA
:109230008083E1E2F1E080818260808380818160CF
:109240008083E0E2F1E0808181608083EAE7F0E002
:10925000808184608083808182608083808181605E
:1092600080838081806880831092C1000895863356
:1092700008F0865320917B00982F9870277F922BBF
:1092800090937B002091030590E4299F9001112485
:109290008770822B80937C0080917A008064809319
:1092A0007A0080917A0086FDFCCF809178009091C1
:1092B000790008951F93CF93DF93182FEB0161E09E
:1092C00033D1209731F460E0812FDF91CF911F914E
:1092D00067C1CF3FD10511F461E0F6CFE12FF0E097
:1092E000EE5FFE4FE491E150E23108F0B2C0F0E0F1
:1092F0008827E358F64B8F4F4DC58F4997499C49B6
:10930000A649B049294ABA49C249CA49D449DE499D
:10931000E849F749014A294A0B4A154A1F4A84B5C8
:10932000806884BDC7BDDF91CF911F91089584B53A
:10933000806284BDC8BDF7CF809180008068809333
:109340008000D0938900C0938800EDCF8091800089
:10935000806280938000D0938B00C0938A00E3CF1B
:1093600080918000886080938000D0938D00C093AE
:109370008C00D9CF8091B00080688093B000C093FA
:10938000B300D1CF8091B00080628093B000C093D1
:10939000B400C9CF80919000806880939000D093F2
:1093A0009900C0939800BFCF809190008062809315
:1093B0009000D0939B00C0939A00B5CF809190000D
:1093C000886080939000D0939D00C0939C00ABCFA9
:1093D0008091A00080688093A0008091A0008F7B86
:1093E0008093A000D093A900C093A8009CCF809147
:1093F000A00080628093A000D093AB00C093AA002D
:1094000092CF8091A00088608093A000D093AD009F
:10941000C093AC0088CF80912001806880932001A8
:10942000D0932901C09328017ECF809120018062D2
:1094300080932001D0932B01C0932A0174CF809197
:109440002001886080932001D0932D01C0932C01CE
:109450006ACFC038D1050CF03FCF35CF8150823173
:1094600008F059C0E82FF0E08827E75CF54B8F4FF4
:1094700091C4594A5D4A4B4A514A554A8B4A604AFF
:10948000664A6A4A704A744A784A7E4A824A8B4AD5
:10949000864A8C4A904A809180008F778093800022
:1094A0000895809180008F7DF9CF80918000877F23
:1094B000F5CF84B58F7784BD089584B58F7DFBCFBC
:1094C0008091B0008F778093B00008958091B000B4
:1094D0008F7DF9CF809190008F77809390000895D1
:1094E000809190008F7DF9CF80919000877FF5CF9C
:1094F0008091A0008F778093A00008958091A000B4
:109500008F7DF9CF8091A000877FF5CF80912001DA
:109510008F77809320010895809120018F7DF9CF6E
:1095200080912001877FF5CFCF93DF9390E0FC01FE
:10953000E85BFE4F249182579E4FFC018491882363
:10954000C9F090E0880F991FFC01E251FE4FA591F0
:10955000B491FC01EC52FE4FC591D49161110DC044
:109560009FB7F8948C91209582238C93888128232F
:1095700028839FBFDF91CF910895623051F49FB748
:10958000F8943C91822F809583238C93E8812E2B35
:10959000EFCF8FB7F894EC912E2B2C938FBFEACF9F
:1095A0001F93CF93DF93282F30E0F901EE5FFE4F3A
:1095B0008491F901E85BFE4FD491F901E257FE4F27
:1095C000C491CC23A1F0162F811148DFEC2FF0E0DD
:1095D000EE0FFF1FEC52FE4FA591B4918FB7F89498
:1095E000EC91111108C0D095DE23DC938FBFDF9181
:1095F000CF911F910895DE2BF8CFFC01918D228D24
:10960000892F90E0805C9F4F821B91098F7399276F
:109610000895FC01918D828D981731F0828DE80FAD
:10962000F11D858D90E008958FEF9FEF0895FC0167
:10963000918D828D981761F0A28DAE0FBF2FB11D55
:109640005D968C91928D9F5F9F73928F90E00895AD
:109650008FEF9FEF0895FC01538D448D252F30E04F
:10966000842F90E0821B930B541710F0CF9608952F
:1096700001970895FC01A48DA80FB92FB11DA35A1D
:10968000BF4F2C91848D90E001968F739927848F22
:10969000A689B7892C93A089B1898C918370806445
:1096A0008C93938D848D981306C00288F389E02DE6
:1096B00080818F7D80830895CF93DF93EC01888D27
:1096C0008823B1F0AA89BB89E889F9898C9185FD45
:1096D00003C0808186FD0CC00FB607FCF7CF8C91CC
:1096E00085FFF2CF808185FFEDCFCE01C3DFEACFCA
:1096F000DF91CF910895EF92FF920F931F93CF9335
:10970000DF93EC0181E0888F9B8D8C8D98131AC0BC
:10971000E889F989808185FF15C09FB7F894EE89A3
:10972000FF896083E889F989808183708064808300
:109730009FBF81E090E0DF91CF911F910F91FF904B
:10974000EF900895F62E0B8D10E00F5F1F4F0F73F3
:109750001127E02E8C8D8E110BC00FB607FCFACFAF
:10976000E889F989808185FFF5CFCE0183DFF2CFCB
:10977000EB8DEC0FFD2FF11DE35AFF4FF0829FB7E9
:10978000F8940B8FEA89FB8980818062D0CFCF92D9
:10979000DF92EF92FF921F93CF93DF93EC016A0168
:1097A0007B01122FE889F98982E08083C11481EE60
:1097B000D806E104F10499F060E079E08DE390E0EF
:1097C000A7019601C5D22150310941095109569589
:1097D000479537952795211580E1380790F0E8895E
:1097E000F989108260E874E88EE190E0A7019601A3
:1097F000AFD2215031094109510956954795379506
:109800002795EC85FD853083EE85FF852083188EB6
:10981000EC89FD891083EA89FB89808180618083DE
:10982000EA89FB89808188608083EA89FB8980815D
:1098300080688083EA89FB8980818F7D8083DF91C6
:10984000CF911F91FF90EF90DF90CF9008951F92DE
:109850000F920FB60F9211240BB60F922F938F9386
:109860009F93EF93FF93E091750FF091760F8081B6
:10987000E0917B0FF0917C0F82FD1DC09081809163
:109880007E0F8F5F8F7320917F0F821741F0E091E1
:109890007E0FF0E0EB59F04F958F80937E0FFF9194
:1098A000EF919F918F912F910F900BBE0F900FBE54
:1098B0000F901F9018958081F2CF1F920F920FB6D4
:1098C0000F9211240BB60F922F933F934F935F93F8
:1098D0006F937F938F939F93AF93BF93EF93FF9378
:1098E00085E69FE0C7DEFF91EF91BF91AF919F9119
:1098F0008F917F916F915F914F913F912F910F9039
:109900000BBE0F900FBE0F901F901895E5E6FFE07D
:109910001382128288EE93E0A0E0B0E08483958306
:10992000A683B78381ED95E09183808385EC90E0F9
:109930009587848784EC90E09787868780EC90E019
:10994000918B808B81EC90E0938B828B82EC90E00A
:10995000958B848B86EC90E0978B868B118E128E84
:10996000138E148E08951F920F920FB60F9211242A
:109970000BB60F922F938F939F93EF93FF93E091EA
:109980001210F09113108081E0911810F0911910CD
:1099900082FD1DC0908180911B108F5F8F7320917D
:1099A0001C10821741F0E0911B10F0E0EE5FFF4EBB
:1099B000958F80931B10FF91EF919F918F912F9125
:1099C0000F900BBE0F900FBE0F901F9018958081C7
:1099D000F2CF1F920F920FB60F9211240BB60F9277
:1099E0002F933F934F935F936F937F938F939F93A7
:1099F000AF93BF93EF93FF9382E090E13BDEFF9143
:109A0000EF91BF91AF919F918F917F916F915F91F6
:109A10004F913F912F910F900BBE0F900FBE0F9063
:109A20001F901895E2E0F0E11382128288EE93E035
:109A3000A0E0B0E084839583A683B78381ED95E0B1
:109A4000918380838DEC90E0958784878CEC90E007
:109A50009787868788EC90E0918B808B89EC90E0EB
:109A6000938B828B8AEC90E0958B848B8EEC90E0CC
:109A7000978B868B118E128E138E148E08951F92E3
:109A80000F920FB60F9211240BB60F922F938F9354
:109A90009F93EF93FF93E091AF10F091B01080810E
:109AA000E091B510F091B61082FD1DC090818091BB
:109AB000B8108F5F8F732091B910821741F0E09139
:109AC000B810F0E0E156FF4E958F8093B810FF91EB
:109AD000EF919F918F912F910F900BBE0F900FBE22
:109AE0000F901F9018958081F2CF1F920F920FB6A2
:109AF0000F9211240BB60F922F933F934F935F93C6
:109B00006F937F938F939F93AF93BF93EF93FF9345
:109B10008FE990E1AFDDFF91EF91BF91AF919F9100
:109B20008F917F916F915F914F913F912F910F9006
:109B30000BBE0F900FBE0F901F901895EFE9F0E14C
:109B40001382128288EE93E0A0E0B0E084839583D4
:109B5000A683B78381ED95E09183808385ED90E0C6
:109B60009587848784ED90E09787868780ED90E0E5
:109B7000918B808B81ED90E0938B828B82ED90E0D6
:109B8000958B848B86ED90E0978B868B118E128E51
:109B9000138E148E08951F920F920FB60F921124F8
:109BA0000BB60F922F938F939F93EF93FF93E091B8
:109BB0004C11F0914D118081E0915211F0915311AF
:109BC00082FD1DC09081809155118F5F8F73209110
:109BD0005611821741F0E0915511F0E0E45CFE4E21
:109BE000958F80935511FF91EF919F918F912F91B8
:109BF0000F900BBE0F900FBE0F901F901895808195
:109C0000F2CF1F920F920FB60F9211240BB60F9244
:109C10002F933F934F935F936F937F938F939F9374
:109C2000AF93BF93EF93FF938CE391E123DDFF911B
:109C3000EF91BF91AF919F918F917F916F915F91C4
:109C40004F913F912F910F900BBE0F900FBE0F9031
:109C50001F901895ECE3F1E11382128288EE93E0F5
:109C6000A0E0B0E084839583A683B78381ED95E07F
:109C70009183808385E391E09587848784E391E0F5
:109C80009787868780E391E0918B808B81E391E0D9
:109C9000938B828B82E391E0958B848B86E391E0BA
:109CA000978B868B118E128E138E148E0895AF9221
:109CB000BF92CF92DF92EF92FF920F931F93CF93B9
:109CC000DF936C017B018B01040F151FEB015E011B
:109CD000AE18BF08C017D10759F06991D601ED91B0
:109CE000FC910190F081E02DC6011995892B79F73F
:109CF000C501DF91CF911F910F91FF90EF90DF9001
:109D0000CF90BF90AF9008950895DB018F939F93FC
:109D100049D0BF91AF91A29F800D911DA39F900D3F
:109D2000B29F900D11240895AA1BBB1B51E107C0DF
:109D3000AA1FBB1FA617B70710F0A61BB70B881FDB
:109D4000991F5A95A9F780959095BC01CD0108956A
:109D5000A1E21A2EAA1BBB1BFD010DC0AA1FBB1F2F
:109D6000EE1FFF1FA217B307E407F50720F0A21BA1
:109D7000B30BE40BF50B661F771F881F991F1A940E
:109D800069F760957095809590959B01AC01BD0138
:109D9000CF010895EE0FFF1F881F8BBF0790F6912C
:109DA000E02D199409D0A59F900DB49F900DA49F0C
:109DB000800D911D11240895A29FB001B39FC00191
:109DC000A39F700D811D1124911DB29F700D811DE7
:109DD0001124911D0895FB01DC0102C001900D9238
:109DE00041505040D8F70895DC0101C06D934150B7
:0A9DF0005040E0F70895F894FFCF0B
:109DFA000000403F0000403F0000403F0000403F5D
:109E0A000000403F0000403F00000000000000004A
:109E1A000000000000000000000000000000000038
:109E2A000080A2430080A2430080A2430080A24394
:109E3A000080A2430080A243000020418FC2F53C6B
:109E4A00000020416F12833A000000006F12833A2B
:109E5A009A598B430000A041000020418FC2F53C73
:109E6A00000020416F12833A0000000035FA8E3C50
:109E7A000000000035FA8E3C0000000035FA8E3CE6
:109E8A0000007A44000000000C020B3E0C020B3E5C
:109E9A0000000000AA7D3A3F0000C83D00007A4455
:109EAA00000000000C020B3E0C020B3E00000000FA
:109EBA00AA7D3A3F0000C83D00007A440000000035
:109ECA000C020B3E0C020B3E00000000AA7D3A3F3A
:109EDA000000C83D00007A44000000000C020B3E5E
:109EEA000C020B3E00000000AA7D3A3F0000C83D6C
:109EFA0000007A44000000000C020B3E0C020B3EEC
:109F0A0000000000AA7D3A3F0000C83D00007A44E4
:109F1A00000000000C020B3E0C020B3E0000000089
:109F2A00AA7D3A3F0000C83D00007F430000C842B6
:109F3A0000004843000000000000A0406666E63EBC
:109F4A0000007F430000C8420000484300000000B0
:109F5A000000A0406666E63E00007F430000C8425B
:109F6A0000004843000000000000A0406666E63E8C
:109F7A0000007F430000C842000048430000000080
:109F8A000000A0406666E63E00007F430000C8422B
:109F9A0000004843000000000000A0406666E63E5C
:109FAA0000007F430000C842000048430000000050
:109FBA000000A0406666E63E0000240346066409E7
:109FCA007C0C8D0F941290157E185D1B2B1EE720BA
:109FDA008E2320269A28FB2A412D6C2F793168334B
:109FEA003735E5367138DB39213B423C3F3D153E7A
:109FFA00C53E4F3FB13FEC3F0040000024034606F8
:10A00A0064097C0C8D0F941290157E185D1B2B1E13
:10A01A00E7208E2320269A28FB2A412D6C2F79319E
:10A02A0068333735E5367138DB39213B423C3F3DF1
:10A03A00153EC53E4F3FB13FEC3F00400040008017
:10A04A0000C000000002000400060008000A000C1C
:10A05A00000E00100012001400160018001A001C4E
:10A06A00001E00200022002400260028002A002CBE
:10A07A00002E00300032003400360038003A003C2E
:10A08A00003E00400080004000000002000400067C
:10A09A000008000A000C000E00100012001400163E
:10A0AA000018001A001C001E0020002200240026AE
:10A0BA000028002A002C002E00300032003400361E
:10A0CA000038003A003C003E0040FEFFFFFF01E876
:10A0DA00030000FFFF00000000FFFFFFFFFFFFFF7C
:10A0EA00FFFFFF010001000100200038005001FFBE
:10A0FA00FFFFFF01466978656453746570446973AC
:10A10A0063726574650001000000004D51A53F921D
:10A11A000A064038B35840920A8640E55EAF40F3DB
:10A12A0066DF3E21EF5A3F70F721405AC63C400194
:10A13A000194407668A140A806FF009D2DC92DFE16
:10A14A0000832D012BFD00152D6F2DFC005B2D01C9
:10A15A002BF6004C2E012BF500222D8B2EF4001528
:10A16A002EA22EDE00D1326B35DD004034012BDA0F
:10A17A000072307A30D90086358A30E2005A2F01CF
:10A18A002BE100952F012BE0000A30012BD6006944
:10A19A0039012BD5001F32012BD400AB31012BD34F
:10A1AA00001C31012BDC009930012BC000A13001C9
:10A1BA002BF000D239012BED008F39012B00000062
:10A1CA00007B4B574E2B4B5C4BFD4A174B094B0000
:00000001FF
