:1000000048C1000077C1000075C1000073C1000045
:1000100071C100006FC100006DC100006BC1000024
:1000200069C1000067C1000065C1000063C1000034
:1000300061C100005FC100005DC100005BC1000044
:1000400059C1000057C1000055C1000053C1000054
:1000500051C100004FC100004DC100000C9471540B
:1000600049C100000C9468580C949E5843C100008C
:1000700041C100003FC100003DC100003BC1000084
:1000800039C1000037C1000035C1000033C1000094
:100090000C94F4580C942A592DC100002BC1000077
:1000A00029C1000027C1000025C1000023C10000B4
:1000B00021C100001FC100001DC100001BC10000C4
:1000C00019C1000017C1000015C100000C9480592F
:1000D0000C94B6590FC100000C940C5A0C94425A5F
:1000E00009C1000005A84CCDB2D44EB93836A902DA
:1000F0000C50B9918688083CA6AAAA2ABE00000026
:10010000803F07634236B79BD8A71A39685618AEA6
:10011000BAAB558C1D3CB7CC5763BD6DEDFD753E3C
:10012000F6177231BF000000803F08000000BE9249
:100130002449123EABAAAA2ABECDCCCC4C3E00002C
:100140000080BEABAAAAAA3E00000000BF000000CB
:10015000803F0000000000084178D3BB4387D113E3
:100160003D190E3CC3BD4282AD2B3E68EC8276BE8B
:10017000D98FE1A93E4C80EFFFBE01C4FF7F3F0055
:100180000000000000000A0B02090C0D0E08070316
:10019000040100000000000000000000000000005A
:1001A000000000000000000000000000000000004F
:1001B000121110000000000000000000000000000C
:1001C00000000000000000000000010210202008D4
:1001D00008102040102040800201020108040201A2
:1001E0000102040810204080804020100804020111
:1001F000800402018040201008040201080402016A
:1002000001020408102040800102040810204080F0
:1002100005050505070508080808020202020A0A82
:1002200008080404040401010101010101010303A0
:10023000030303030303040707070C0C0C0C0C0C4B
:100240000C0C0202020206060606060606060B0B48
:100250000B0B0B0B0B0B00002200250028002B00C2
:100260002E003100340002010000050108010B01DD
:1002700000002100240027002A002D003000330058
:1002800001010000040107010A01C7585359DF5951
:100290006B5A11241FBECFEFD1E2DEBFCDBF00E00D
:1002A0000CBF14E0A0E0B2E0EEE5F6EB00E00BBF1F
:1002B00002C007900D92AA3FB107D9F722E1AAEF39
:1002C000B4E001C01D92A433B207E1F711E0C9E424
:1002D000D1E000E006C021970109802FFE010E94B5
:1002E000FC5AC534D10780E00807A9F70E94324FB5
:1002F0000C942D5B85CE611102C00C94D5566130F3
:10030000E1F362E0FACF662319F061E00C94115733
:1003100060E0FCCFCF93282F8823E1F0CB01BA0116
:10032000CFEFC20FEC2FF0E0E650FB4F20812130E1
:1003300059F490580E949B509B01AC016C2F70E0C7
:1003400090E080E0CF91A2C00E9496508C2FCF9178
:100350000C949B55CF9108950F931F938B019C0193
:1003600083E036952795179507958A95D1F7005C18
:100370001A4F462F477021E030E0F90102C0EE0F1E
:10038000FF1F4A95E2F7AF01F80120812423CB013A
:100390000196211102C090E080E01F910F91089515
:1003A0000F931F938B019C0183E03695279517953A
:1003B00007958A95D1F7677081E090E001C0880FBA
:1003C0006A95EAF7F801E05CFA4F2081452B31F499
:1003D0008095822380831F910F910895822BFACFFD
:1003E0004F925F926F927F928F929F92AF92BF9245
:1003F000CF92DF92EF92FF920F931F93CF93DF93F1
:100400004B015C0129013A01670161E0882D0E94DE
:10041000D556E4012196AE01C501B401C1DF20E04B
:1004200030E0A901C801B6010E94535218168CF49D
:10043000F401E650FB4F81E08083C801B6010E94C1
:100440009B506B01C301B2010E949B50A601C401E5
:1004500021D0CE01DF91CF911F910F91FF90EF90AE
:10046000DF90CF90BF90AF909F908F907F906F90D4
:100470005F904F900895882341F08150682F70E07D
:1004800090E080E050E040E08BCF0895862FB901E6
:100490000C949B559C01FC01EC57FE4FE491E150FC
:1004A000E231E0F4F0E08827E75AFD4F8F4F0C94DB
:1004B000FC5A6B02720275028C02A1026E02B60235
:1004C000C202C602DD02F20207031E0333036E02FC
:1004D00048035F03740384B5806884BD60E0822FA5
:1004E0000C94115784B58062F8CF809180008C7F86
:1004F00082608093800080918100807E8061682B83
:100500006093810050938700409386008091800023
:10051000806880938000E2CF809180008C7F826031
:100520008093800080918100807E8061682B609341
:100530008100509387004093860080918000806204
:10054000E8CF809180008C7F8260809380008091D2
:100550008100807E8061682B6093810050938700CA
:1005600040938600809180008860D3CF8091B00056
:1005700080688093B0008091B100887F682B609381
:10058000B100ACCF8091B0008062F3CF8091900039
:100590008C7F82608093900080919100807E80614A
:1005A000682B609391005093970040939600809140
:1005B000900080688093900091CF809190008C7F14
:1005C00082608093900080919100807E8061682B92
:1005D0006093910050939700409396008091900013
:1005E0008062E8CF809190008C7F82608093900041
:1005F00080919100807E8061682B60939100509380
:10060000970040939600809190008860D3CF8091AE
:10061000A0008C7F82608093A0008091A100807EEA
:100620008061682B6093A1005093A7004093A600BF
:100630008091A00080688093A00050CF8091A0009E
:100640008C7F82608093A0008091A100807E806179
:10065000682B6093A1005093A7004093A60080915F
:10066000A0008062E8CF8091A0008C7F82608093A0
:10067000A0008091A100807E8061682B6093A10022
:100680005093A7004093A6008091A0008860D3CF2C
:10069000809120018C7F82608093200180912101D4
:1006A000807E8061682B60932101509327014093E5
:1006B0002601809120018068809320010FCF8091D6
:1006C00020018C7F82608093200180912101807EB7
:1006D0008061682B6093210150932701409326018C
:1006E000809120018062E8CF809120018C7F826020
:1006F0008093200180912101807E8061682B60932E
:1007000021015093270140932601809120018860A8
:10071000D3CFCF93DF93882349F0EB0181500E9420
:10072000785599838883DF91CF910895FB011182D9
:100730001082F9CF0F931F938B019C0183E03695B4
:100740002795179507958A95D1F7075B1A4F462F7E
:10075000477021E030E0F90102C0EE0FFF1F4A951B
:10076000E2F7AF01F80120812423CB01019621118A
:1007700002C090E080E01F910F9108950F931F93A6
:100780008B019C0183E036952795179507958A95EF
:10079000D1F7677081E090E001C0880F6A95EAF7B1
:1007A000F801E75BFA4F2081452B31F480958223D5
:1007B00080831F910F910895822BFACFCF92DF9201
:1007C000EF92FF92CF93DF936B017C0160E086E3B1
:1007D000C816D104E104F10490F486E38C0D0E9464
:1007E000D556E6012196AE01C701B601C7DFCE019D
:1007F000DF91CF91FF90EF90DF90CF9008958C2DF7
:10080000EECF882341F08150682F70E090E080E0C7
:1008100050E040E0B3CF089590E080E008950F935A
:100820001F93009709F48EC06115710509F48AC001
:100830000091F4031091F5032091F6033091F70332
:100840000E3F1F4F2F4F3F4F09F06EC0DB014D9100
:100850005D916D917C914093F4035093F503609307
:10086000F6037093F7034091F4035091F503609100
:10087000F6037091F703DC011296ED91FC918081F3
:100880009181A281B3818093BC069093BD06A09311
:10089000BE06B093BF0684819581A681B7818093FF
:1008A000B8069093B906A093BA06B093BB068085AC
:1008B0009185A285B3858093B4069093B506A093E5
:1008C000B606B093B70684859585A685B7858093CF
:1008D000B0069093B106A093B206B093B3061092FF
:1008E000AC061092AD061092AE061092AF060E94B2
:1008F00007328CE292E390935305809352059093D4
:1009000055058093540590935705809356050E9492
:10091000E630009731F421E030E03093C1062093B7
:10092000C0061F910F9108950091F4031091F503F3
:100930002091F6033091F703FB010083118322839A
:10094000338391CF8FEF9FEFECCF8F929F92AF9237
:10095000BF92CF92DF92EF92FF921F93CF93DF93DC
:100960004B015C011091C30682E090E09093C106B8
:100970008093C00681149104A104B10441F48091D4
:10098000C306811104C08091C206C1E08111C0E09C
:10099000C12CD12C76018091C306811106C08091B3
:1009A000C206811102C0CC23D9F083E090E090937D
:1009B000C1068093C006CC2381F1CCE9DFEF111191
:1009C00002C00E949135CE01DF91CF911F91FF901F
:1009D000EF90DF90CF90BF90AF909F908F90089551
:1009E0006AE070E080E090E00E94E05480E1C80E90
:1009F00087E2D81EE11CF11C8FEF88169806A80626
:100A0000B80631F0C1E08C149D04AE04BF0408F0B8
:100A1000C0E080E00E942A31BECFD0E0C0E0CFCF5E
:100A2000CF92DF92EF92FF920F931F93CF93DF93BA
:100A30008F3F910511F008F051C02091C006309110
:100A4000C1062330310539F02091C0063091C1062E
:100A50002130310531F424E030E03093C106209399
:100A6000C0066A017B01EC0183309105A8F011E01A
:100A7000AE01C701B6010E94E530AB01BC01CE0159
:100A80001123F9F0DF91CF911F910F91FF90EF901B
:100A9000DF90CF900C94B6378C01000F111F0E5AC7
:100AA0001A4FD8018D919C91892B09F30E94C03770
:100AB0000297E9F6D801ED91FC91CE011995182F16
:100AC000D7CF0E94D83790E080E0DF91CF911F917F
:100AD0000F91FF90EF90DF90CF9008958FEF9FEFF1
:100AE000F4CF80E00C942A31CF93DF9386E090E03E
:100AF0009093C1068093C0060E948331EC01E2E529
:100B0000F5E086E0DF011D928A95E9F70E9429351C
:100B10001092C1061092C006CE01DF91CF910895C8
:100B20008091C20608958091AB0608956093F40306
:100B30007093F5038093F6039093F70390E080E0C1
:100B4000089560E070E080E89FE7089560E070E05D
:100B500080E89FE7089560E070E080E89FEF0895E7
:100B600060E070E080E89FEF089560E070E080EC66
:100B70009FEF089560E070E080EC9FEF0895F5DF4F
:100B800060937F0D7093800D8093810D9093820D03
:100B9000F1DF6093730D7093740D8093750D9093D6
:100BA000760DCFDF60937B0D70937C0D80937D0D70
:100BB00090937E0DCBDF6093770D7093780D8093CB
:100BC000790D90937A0DC7DF6093830D7093840D38
:100BD0008093850D9093860DC3DF6093870D70938E
:100BE000880D8093890D90938A0D0895CF92DF929E
:100BF000EF92FF92CF936B017C01AC019B0160915E
:100C00007B0D70917C0D80917D0D90917E0D0E94E9
:100C10002750C1E0882371F0A70196016091830DF0
:100C20007091840D8091850D9091860D0E942750C2
:100C30008111C0E08C2FCF91FF90EF90DF90CF908B
:100C400008950F931F938B019C0100271127207893
:100C50003F770115110520483F4749F4AB01BC011E
:100C60006F77772781E0452B462B472B09F480E0EF
:100C70001F910F910895E5CFCF92DF92EF92FF92EF
:100C8000CF93DF93EA01CC24CA94DC2C7601F901DE
:100C9000C082D182E282F38220E030E0A9010E948A
:100CA000535287FD13C080E090E0A0E8BFE3888343
:100CB0009983AA83BB831C821D821E821F82DF91BF
:100CC000CF91FF90EF90DF90CF9008951882198216
:100CD0001A821B8280E090E0A0E8BFE38C839D83B2
:100CE000AE83BF83ECCF8F929F92AF92BF92CF9291
:100CF000DF92EF92FF926B017C0149015A01BBDF49
:100D0000882349F0C0907F0DD090800DE090810D38
:100D1000F090820D33C0C501B401ADDF8111F2CF77
:100D2000C501B40163DF882309F43DC0E894F7F8F6
:100D300020E030E040E85FE3C701B6010E942750A1
:100D4000882309F4AAC020E030E040E85FE3C7014F
:100D5000B6010E94535220E030E0A9011816CCF4ED
:100D6000C501B4010E9453521816CCF4C0907B0DFB
:100D7000D0907C0DE0907D0DF0907E0DC701B60106
:100D8000FF90EF90DF90CF90BF90AF909F908F90AB
:100D90000895C501B4010E94535218163CF7C12CA6
:100DA000D12C7601EBCF20E030E0A901C501B401E0
:100DB0000E942750882309F470C020E030E040E80A
:100DC0005FE3C501B4019F770E942750811114C0D1
:100DD00020E030E0A901C501B4010E945352181669
:100DE0006CF2A701960160E070E080E89FE30E944A
:100DF0002E506B017C01C2CF20E030E040E050E497
:100E0000C501B4010E942750811107C0A7019601B6
:100E1000C701B6010E945752ECCF20E030E040E01D
:100E20005FE3C501B4010E94275020E030E0A90132
:100E3000811112C0C701B6010E94535287FD34C010
:100E4000C701B601FF90EF90DF90CF90BF90AF90B9
:100E50009F908F900C941053C701B6010E942750A9
:100E600087FF0DC0C501B4010E9404519B01AC0174
:100E7000C501B4010E94535218160CF443CFA501CA
:100E80009401C701B601FF90EF90DF90CF90BF9023
:100E9000AF909F908F900C94BA52C12CD12C80E8C7
:100EA000E82E8FE3F82E6ACF20E030E0A901C701D9
:100EB000B6010E94275087FFE2CF24CF2F923F92A6
:100EC0004F925F926F927F928F929F92AF92BF925A
:100ED000CF92DF92EF92FF920F931F93CF93DF9306
:100EE000CDB7DEB7A2970FB6F894DEBF0FBECDBF69
:100EF000E0917906F0917A06C080D180E280F3809B
:100F0000C092AF0FD092B00FE092B10FF092B20F3B
:100F10008FEF9FEFDC018093B9119093BA11A093EA
:100F2000BB11B093BC1120E030E040E251E4C701B6
:100F3000B6010E94275087FD02C00C94C210109287
:100F4000730F1092740F1092750F1092760F8FEF2F
:100F50009FEFDC018093B1119093B211A093B31174
:100F6000B093B4119CE7E92E92E0F92E23EDA22E66
:100F70002DE0B22E38EB832E32E0932E650110E087
:100F800000E0D7016D917D918D919D917D01F601DC
:100F900061937193819391936F0120E030E0A901F7
:100FA0000E942750882311F00F5F1F4F8E149F045B
:100FB00041F710928F0F1092900F1092910F109294
:100FC000920F1092930F1092940F1092950F10920F
:100FD000960F80E090ECA1EAB3E48093970F909392
:100FE000980FA093990FB0939A0F10929B0F1092A5
:100FF0009C0F10929D0F10929E0F10929F0F1092B7
:10100000A00F1092A10F1092A20F1092A30F109296
:10101000A40F1092A50F1092A60F10925B0F1092C2
:101020005C0F10925D0F10925E0F10925F0F109286
:10103000600F1092610F1092620F8093630F909374
:10104000640FA093650FB093660F1092670F109214
:10105000680F1092690F10926A0F10926B0F109226
:101060006C0F10926D0F10926E0F10926F0F109206
:10107000700F1092710F1092720F0115110509F483
:1010800011C1B801110F880B990B0E94C9504B0177
:101090006C0120E030E044E353E46091730F709101
:1010A000740F8091750F9091760F0E942E500E94C0
:1010B00004517B018C0120E030E0A901B401C6019C
:1010C0000E94275081110C94D41020E030E0A90137
:1010D000B701C8010E942750882311F40C94131102
:1010E00020E030E040E85FE3B701C8010E94C34F51
:1010F0002B013C014092A70F5092A80F6092A90FBC
:101100007092AA0F10E000E0F12CE12CD12CC12C40
:10111000D5016D917D918D919D915D01BFEFEB1A90
:10112000FB0A20E030E0A9010E942750882399F0B3
:10113000EFEFCE1ADE0AB6010D2C000C880B990BCE
:101140000E94C9509B01AC01C301B2010E9427500B
:10115000811101C08701FFE0EF16F104C9F680900C
:10116000730F9090740FA090750FB090760F20E0E1
:1011700030E044E353E4C501B4010E942E500E94C4
:10118000045120E030E044E353E40E9457529B01B5
:10119000AC01C501B4010E94C24F6B017C01C09239
:1011A000AB0FD092AC0FE092AD0FF092AE0F0130CA
:1011B000110511F00C9479112CE739ED40E25FE351
:1011C0000E9457520E94065320E030E048E452E467
:1011D0000E94575260938F0F7093900F8093910FDE
:1011E0009093920F80918F0F9091900FA091910FFB
:1011F000B091920F80935B0F90935C0FA0935D0F63
:10120000B0935E0F8091930F9091940FA091950FE2
:10121000B091960F80935F0F9093600FA093610F32
:10122000B093620F8091970F9091980FA091990FB2
:10123000B0919A0F8093630F9093640FA093650F02
:10124000B093660F80919B0F90919C0FA0919D0F82
:10125000B0919E0F8093670F9093680FA093690FD2
:10126000B0936A0F80919F0F9091A00FA091A10F52
:10127000B091A20F80936B0F90936C0FA0936D0FA2
:10128000B0936E0F8091A30F9091A40FA091A50F22
:10129000B091A60F80936F0F9093700FA093710F72
:1012A000B093720F2FEF3FEFA9012093BD11309340
:1012B000BE114093BF115093C01180915B0F90916C
:1012C0005C0FA0915D0FB0915E0F8093630E9093C1
:1012D000640EA093650EB093660E80915F0F90919F
:1012E000600FA091610FB091620F8093670E909391
:1012F000680EA093690EB0936A0E8091630F90916F
:10130000640FA091650FB091660F80936B0E909360
:101310006C0EA0936D0EB0936E0EC0906F0FD090B8
:10132000700FE090710FF090720FC701B6010E942C
:101330002B506B877C878D879E87C701B6010E94E3
:1013400006536B017C0180906B0F90906C0FA09006
:101350006D0FB0906E0FC501B4010E942B506F83CA
:10136000788789879A8760939F0F7093A00F8093E7
:10137000A10F9093A20FC501B4010E9406536F877D
:10138000788B898B9A8B60938F0F7093900F8093DB
:10139000910F9093920F8090670F9090680FA0909C
:1013A000690FB0906A0FC501B4010E942B502B0148
:1013B0003C014092930F5092940F6092950F70925F
:1013C000960FC501B4010E9406536B837C838D8305
:1013D0009E836093A70F7093A80F8093A90F90939B
:1013E000AA0F2F81388549855A856B857C858D8527
:1013F0009E850E94575260930F0E7093100E80933B
:10140000110E9093120E2F85388949895A896B8560
:101410007C858D859E850E9457524B015C01AC01F5
:101420009B016B817C818D819E810E9457526B8BC9
:101430007C8B8D8B9E8BA3019201C701B6010E940C
:1014400057529B01AC016B897C898D899E890E94D2
:10145000C24F60931B0E70931C0E80931D0E9093D1
:101460001E0EA5019401C301B2010E9457524B0107
:101470005C012B813C814D815E81C701B6010E94D8
:1014800057529B01AC01C501B4010E94C34F609348
:10149000270E7093280E8093290E90932A0E2F8189
:1014A000388549855A85C701B6010E945752609315
:1014B000130E7093140E8093150E9093160E2F85B5
:1014C000388949895A89C701B6010E9457526B0170
:1014D0007C01C092970FD092980FE092990FF092F2
:1014E0009A0FAC019B016B817C818D819E810E9452
:1014F00057524B015C01A30192016B857C858D8560
:101500009E850E9457529B01AC01C501B4010E9407
:10151000C34F60931F0E7093200E8093210E909303
:10152000220EA7019601C301B2010E9457526B011E
:101530007C012B813C814D815E816B857C858D8515
:101540009E850E9457529B01AC01C701B6010E94C3
:10155000C24F60932B0E70932C0E80932D0E9093A0
:101560002E0E8F859889A989BA89B0588093170E55
:101570009093180EA093190EB0931A0E2B813C81F4
:101580004D815E816F81788589859A850E94575249
:101590006093230E7093240E8093250E9093260E55
:1015A000A30192016F81788589859A850E9457529F
:1015B00060932F0E7093300E8093310E9093320E05
:1015C0008FEF9FEFDC018093B5119093B611A0933C
:1015D000B711B093B811A9E4B4E0BC87AB87E1E3DD
:1015E000F4E0FA8FE98F23E33EE03C832B8347E36B
:1015F00051E1588F4F8B38872F838BE8282E8DE051
:10160000382EAB85BC85CD90DD90ED90FD90BC87EC
:10161000AB87C701B6010E942B5020E030E049E3C0
:1016200053E40E945752F101608371838283938354
:10163000C701B6010E94065320E030E049E353E4BD
:101640000E945752D10114966D937D938D939C9374
:101650001797F1011086118612861386A98DBA8D0F
:10166000CD90DD90ED90FD90BA8FA98FC701B601A6
:101670000E942B5020E030E046E153E40E94575294
:101680002B013C01C701B6010E94065320E030E067
:1016900046E153E40E9457526B8B7C8B8D8B9E8B63
:1016A0000FE01EE0E3E6FEE0F88BEF873E8E2D8E26
:1016B0001C8F0B8F0C5F1F4FAF85B8898D909D904D
:1016C000AD90BD90B88BAF87AD8DBE8D2D913D9106
:1016D0004D915D91BE8FAD8F2F8F38A349A35AA333
:1016E000EB8DFC8D24853585468557856B897C89F6
:1016F0008D899E890E9457526B017C01AB8DBC8DF8
:101700002D913D914D915C91C301B2010E945752C0
:101710009B01AC01C701B6010E94C34F6B017C0164
:1017200020E030E0A901F8016489758986899789EC
:101730000E9457529B01AC01C701B6010E94C34FE2
:10174000A50194010E94C34F2F8D38A149A15AA130
:101750000E94C24FAF85B88918966D937D938D9383
:101760009C931B97EBE1FEE0E017F10709F0A0CF97
:1017700060916F0E7091700E8091710E9091720E4B
:101780008090730E9090740EA090750EB090760EAF
:10179000C090770ED090780EE090790EF0907A0E8F
:1017A0009B01AC010E9457522B013C01A501940101
:1017B000C501B4010E9457529B01AC01C301B201A3
:1017C0000E94C34F4B015C01A7019601C701B601FE
:1017D0000E9457529B01AC01C501B4010E94C34F46
:1017E0000E94105320E030E041E953E40E94C24FD0
:1017F000EF81F885EC5BFE4F608371838283938376
:10180000AF89B88D0D911D912D913D91B88FAF8B02
:10181000EF81F8850193119321933193F887EF833A
:10182000EC5BFF4F6083718382839383FCE02F0E18
:10183000311C21E634E04B855C852417350709F01F
:10184000E0CE6093A30F7093A40F8093A50F9093A5
:10185000A60F8B899C89AD89BE8980939B0F90933D
:101860009C0FA0939D0FB0939E0F68E370E080E003
:1018700090E00E949A03909316118093151143E013
:1018800050E0BE016F5F7F4F0E94890369817A81BA
:1018900090E080E00E94C7506B017C01C092DF0F96
:1018A000D092E00FE092E10FF092E20F20914F1101
:1018B0003091501140915111509152116091C002DC
:1018C0007091C1028091C2029091C3020E9457524E
:1018D0004B015C012091C4023091C5024091C602C7
:1018E0005091C702C701B6010E9457529B01AC013B
:1018F000C501B4010E94C34F6B017C0120915311BB
:101900003091541140915511509156116091CC0273
:101910007091CD028091CE029091CF020E945752D9
:101920009B01AC01C701B6010E94C34F6093231015
:101930007093241080932510909326102091D0024C
:101940003091D1024091D2025091D3020E9457525D
:101950009B01AC012093930E3093940E4093950E0F
:101960005093960E60918B0E70918C0E80918D0E1F
:1019700090918E0E0E94C24F6093970E7093980EB6
:101980008093990E90939A0EEBE4FEE083E69EE03E
:10199000DF01A05FBE4F4D915D916D917C914193B0
:1019A0005193619371938E179F0791F766E370E0EF
:1019B00080E090E00E949A03909336118093351155
:1019C00043E050E0BE016F5F7F4F0E948903698151
:1019D0007A8190E080E00E94C7506B017C01C09248
:1019E000DB0FD092DC0FE092DD0FF092DE0F209142
:1019F0005711309158114091591150915A116091DD
:101A0000D8027091D9028091DA029091DB020E9493
:101A100057524B015C012091DC023091DD02409174
:101A2000DE025091DF02C701B6010E9457529B01AE
:101A3000AC01C501B4010E94C34F6B017C01209130
:101A40005B1130915C1140915D1150915E1160917C
:101A5000E4027091E5028091E6029091E7020E9413
:101A600057529B01AC01C701B6010E94C34F60935E
:101A70001F107093201080932110909322102091BA
:101A8000E8023091E9024091EA025091EB020E9493
:101A900057529B01AC0120939B0E30939C0E4093B8
:101AA0009D0E50939E0E60917B0E70917C0E8091E6
:101AB0007D0E90917E0E0E94C24F60939F0E709398
:101AC000A00E8093A10E9093A20E6BE370E080E0D5
:101AD00090E00E949A0390932E1180932D1143E081
:101AE00050E0BE016F5F7F4F0E94890369817A8158
:101AF00090E080E00E94C7506B017C01C092D70F3C
:101B0000D092D80FE092D90FF092DA0F20915F11A6
:101B10003091601140916111509162116091F00219
:101B20007091F1028091F2029091F3020E9457525B
:101B30004B015C012091F4023091F5024091F602D4
:101B40005091F702C701B6010E9457529B01AC01A8
:101B5000C501B4010E94C34F6B017C012091631148
:101B60003091641140916511509166116091FC02B1
:101B70007091FD028091FE029091FF020E945752E7
:101B80009B01AC01C701B6010E94C34F60931B10BB
:101B900070931C1080931D1090931E1020910003D1
:101BA0003091010340910203509103030E94575268
:101BB0009B01AC012093A30E3093A40E4093A50E7D
:101BC0005093A60E60917F0E7091800E8091810ED1
:101BD0009091820E0E94C24F6093A70E7093A80E40
:101BE0008093A90E9093AA0E6AE370E080E090E0E3
:101BF0000E949A03909326118093251143E050E0B0
:101C0000BE016F5F7F4F0E94890369817A8190E0F6
:101C100080E00E94C7506B017C01C092D30FD0922C
:101C2000D40FE092D50FF092D60F2091671130912A
:101C300068114091691150916A1160910803709187
:101C4000090380910A0390910B030E9457524B01A4
:101C50005C0120910C0330910D0340910E035091D3
:101C60000F03C701B6010E9457529B01AC01C50189
:101C7000B4010E94C34F6B017C0120916B11309124
:101C80006C1140916D1150916E116091140370911F
:101C9000150380911603909117030E9457529B01E0
:101CA000AC01C701B6010E94C34F60931710709337
:101CB00018108093191090931A10209118033091E6
:101CC000190340911A0350911B030E9457529B0124
:101CD000AC012093AB0E3093AC0E4093AD0E5093FD
:101CE000AE0E6091830E7091840E8091850E90915E
:101CF000860E0E94C24F6093AF0E7093B00E809319
:101D0000B10E9093B20E69E370E080E090E00E9423
:101D10009A0390931E1180931D1143E050E0BE0181
:101D20006F5F7F4F0E94890369817A8190E080E034
:101D30000E94C7506B017C01C092CF0FD092D00F90
:101D4000E092D10FF092D20F20916F11309170116B
:101D50004091711150917211609120037091210393
:101D600080912203909123030E9457524B015C0102
:101D7000209124033091250340912603509127039D
:101D8000C701B6010E9457529B01AC01C501B401C5
:101D90000E94C34F6B017C0120917311309174112B
:101DA000409175115091761160912C0370912D0323
:101DB00080912E0390912F030E9457529B01AC01FA
:101DC000C701B6010E94C34F6093131070931410A3
:101DD00080931510909316102091300330913103A9
:101DE00040913203509133030E9457529B01AC0142
:101DF0002093B30E3093B40E4093B50E5093B60EAD
:101E00006091870E7091880E8091890E90918A0E54
:101E10000E94C24F6093B70E7093B80E8093B90EB4
:101E20009093BA0E67E370E080E090E00E949A031E
:101E300090930E1180930D1143E050E0BE016F5F4F
:101E40007F4F0E94890369817A8190E080E00E943F
:101E5000C7506B017C01C092CB0FD092CC0FE092A7
:101E6000CD0FF092CE0F20917711309178114091E3
:101E7000791150917A1160913803709139038091F2
:101E80003A0390913B030E9457524B015C01209111
:101E90003C0330913D0340913E0350913F03C70105
:101EA000B6010E9457529B01AC01C501B4010E94CA
:101EB000C34F6B017C0120917B1130917C114091CB
:101EC0007D1150917E116091440370914503809182
:101ED0004603909147030E9457529B01AC01C701F2
:101EE000B6010E94C34F60930F107093101080933F
:101EF00011109093121020914803309149034091A2
:101F00004A0350914B030E9457529B01AC0120930E
:101F1000BB0E3093BC0E4093BD0E5093BE0E60912D
:101F20008F0E7091900E8091910E9091920E0E9462
:101F3000C24F6093BF0E7093C00E8093C10E9093FA
:101F4000C20E20917106211191C00091730F109162
:101F5000740F2091750F3091760F0093C30E10937C
:101F6000C40E2093C50E3093C60EE7ECFEE02BE4C2
:101F70003EE0AB81BC815896CD90DD90ED90FC9019
:101F80005B97C192D192E192F192AC5BBE4FCD9042
:101F9000DD90ED90FC90C48AD58AE68AF78AAB8101
:101FA000BC81CD90DD90ED90FD90BC83AB83C4A649
:101FB000D5A6E6A6F7A62A173B07D9F600919F0EED
:101FC0001091A00E2091A10E3091A20E00930F0F40
:101FD0001093100F2093110F3093120F0091A70E42
:101FE0001091A80E2091A90E3091AA0E0093130F04
:101FF0001093140F2093150F3093160F0091AF0E0E
:102000001091B00E2091B10E3091B20E0093170FC7
:102010001093180F2093190F30931A0F0091B70ED9
:102020001091B80E2091B90E3091BA0E00931B0F8B
:1020300010931C0F20931D0F30931E0F0091970ECD
:102040001091980E2091990E30919A0E00931F0FC7
:102050001093200F2093210F3093220F6093230FB2
:102060007093240F8093250F9093260F6093270F72
:102070007093280F8093290F90932A0F22EE31E15D
:1020800047E450E10E943C06C090270FD090280FF3
:10209000E090290FF0902A0FE894F7F8C0922B0FE8
:1020A000D0922C0FE0922D0FF0922E0F2091000273
:1020B000309101024091020250910302C701B60122
:1020C0000E9457522091540330915503409156037A
:1020D000509157030E9457524B015C018092C30FED
:1020E0009092C40FA092C50FB092C60F20916402C7
:1020F000309165024091660250916702C701B601B6
:102100000E94575220917F1130918011409181118E
:10211000509182110E94C34F2B013C0120918311E9
:10212000309184114091851150918611C501B401FF
:102130000E94C24F9B01AC01C301B2010E94C34F78
:102140004B015C0180922F0F9092300FA092310FC3
:10215000B092320F409058035090590360905A0348
:1021600070905B03A30192010E94535218160CF069
:1021700057C740922F0F5092300F6092310F7092DC
:10218000320F5EC720E030E040E251E4C701B60103
:102190000E94C24F6093730F7093740F8093750FFA
:1021A0009093760F0C94A707B701C8010E943B06D5
:1021B000882351F0E0907F0DF090800D0091810D0B
:1021C0001091820D0C947008B401C6010E943B0668
:1021D0008111F0CFB701C8010E94F6058111EACF45
:1021E000B401C6010E94F6058823B9F120E030E071
:1021F000A901B401C6010E94535220E030E0A901B8
:10220000B7011816A4F4C8010E945352181614F40A
:102210000C94700820E030E0A901B701C8010E94C9
:10222000275087FF60C0740186010C947008C801B4
:102230000E9453521816BCF320E030E0A901B70108
:10224000C8010E94275087FF02C00C947008E12C3F
:10225000F12C00E010E80C9470089401A601B7017D
:10226000C8010E941E517B018C0120E030E0A901D1
:102270000E94275020E030E0A901811108C0B4017C
:10228000C6010E9457527B018C010C947008B70163
:10229000C8010E94275020E030E0A90187FF0FC04D
:1022A000B401C6010E945352181614F00C94700821
:1022B0009401A601B701C8010E94C34FE4CFB70142
:1022C000C8010E945352181614F00C94700820E0B4
:1022D00030E0A901B401C6010E94275087FD02C069
:1022E0000C947008E5CFE12CF12C00E010E00C9488
:1022F00070080230110579F42CE739ED40E25FE314
:102300000E9457520E94065320E030E04CE052E415
:102310000E945752C6C00330110509F52CE739ED6C
:1023200040E25FE30E9457526B017C010E9406531A
:1023300020E030E048E452E40E94575260938F0F4F
:102340007093900F8093910F9093920FC701B601F5
:102350000E942B5020E030E048EC51E4D9CF04300B
:10236000110529F52CE739ED40E25FE30E94575251
:102370000E94065320E030E040E252E40E945752AF
:1023800060938F0F7093900F8093910F9093920FA3
:102390002CE739ED40EA5FE3C701B6010E945752CE
:1023A0000E94065320E030E040EA51E4B1CF05300E
:1023B000110509F0DEC020E030E048E452E40E945C
:1023C0002E506B017C010E9404519B01AC01C7019E
:1023D000B6010E94C24F6B017C0120E030E040E872
:1023E0005EE30E94275087FF2AC020E030E040E8EB
:1023F00050E4C701B6010E94575220E030E048EC9B
:1024000052E40E94575220E030E048E452E40E9437
:10241000C24F60938F0F7093900F8093910F9093A2
:10242000920F80E090E4AEEAB3E48093970F90932C
:10243000980FA093990FB0939A0F0C94F20820E094
:1024400030E040E05FE3C701B6010E94275087FFFC
:1024500038C080E090E0A8E4B2E480938F0F9093BE
:10246000900FA093910FB093920F20E030E040E8DE
:102470005EE3C701B6010E94C24F20E030E040E8B1
:1024800050E40E94575220E030E048E452E40E94B9
:1024900057529B01AC0160E070E088EC91E40E942F
:1024A000C24F20E030EC41EA53E40E94C34F6093F6
:1024B000970F7093980F8093990F90939A0F0C94A5
:1024C000F20820E030E040E45FE3C701B6010E947B
:1024D000275087FF29C020E030E040E05FE3C701DC
:1024E000B6010E94C24F20E030E040E850E40E9474
:1024F000575220E030E048EC52E40E9457529B01D2
:10250000AC0160E070E088E492E40E94C24F609306
:102510008F0F7093900F8093910F9093920F80E0A4
:1025200090E4A5E9B3E481CF80E090E0A8E4B2ECC8
:1025300080938F0F9093900FA093910FB093920F71
:1025400020E030E040E45FE3C701B6010E94C24FE3
:1025500020E030E040E850E40E94575220E030E0B4
:1025600048E452E40E94575220E030E048EC51E445
:1025700096CF0630110509F09EC020E030E040EF14
:1025800051E40E942E506B017C010E9404519B017A
:10259000AC01C701B6010E94C24F6B017C012BEA5E
:1025A0003AEA4AEA5EE30E94275087FF21C02BEAFD
:1025B0003AEA4AEA5EE3C701B6010E942E5020E0E3
:1025C00030E040E752E40E94575220E030E040EF14
:1025D00051E40E94C24F60938F0F7093900F8093CD
:1025E000910F9093920F80E090E4AAE9B3E41DCF9D
:1025F0002BEA3AEA4AE25FE3C701B6010E9427509C
:1026000087FF2DC02BEA3AEA4AEA5EE3C701B6012A
:102610000E94C24F2BEA3AEA4AEA5EE30E942E5039
:1026200020E030E040EF51E40E9457526B017C0102
:10263000AC019B0160E070E080EF91E40E94C24F2A
:1026400060938F0F7093900F8093910F9093920FE0
:1026500020E030E040E751E4C701B60120CF2BEA8B
:102660003AEA4AE25FE3C701B6010E94C24F2BEA91
:102670003AEA4AEA5EE30E942E5020E030E040EF62
:1026800051E40E9457526B017C01AC019B0160E058
:1026900070E0CB010E94C24F60938F0F7093900F38
:1026A0008093910F9093920FA701960160E070E0E4
:1026B00080E791E4F4CE0730110561F52CE739EDA0
:1026C00040E25FE30E9457526B017C010E942B5055
:1026D00020E030E048EC51E40E94575260938F0FA5
:1026E0007093900F8093910F9093920FC701B60152
:1026F0000E94065320E030E048EC51E40E9457521B
:102700006093930F7093940F8093950F9093960F0F
:102710000C94F20808301105E9F52CE739ED40E298
:102720005FE30E9457520E94065320E030E040E7EA
:1027300051E40E94575260938F0F7093900F8093D3
:10274000910F9093920F2CE739ED40EA5FE3C701B8
:10275000B6010E9457520E94065320E030E040E04C
:1027600051E40E9457526093930F7093940F80939B
:10277000950F9093960F2AE336E441EF5FE3C7018C
:10278000B6010E9457520E942B5020E030E040E0FA
:1027900051E4BECD0930110509F045C020E030E01C
:1027A00040E752E40E942E504B015C010E9404510C
:1027B0009B01AC01C501B4010E94C24F4B015C01F9
:1027C0002CE739ED40EA5FE3C701B6010E9457529A
:1027D0006B017C010E942B502B013C0120E030E07A
:1027E00040EF51E4C501B4010E945752A301920188
:1027F0000E94575260938F0F7093900F8093910FA8
:102800009093920FC701B6010E9406536B017C01A1
:1028100020E030E040E751E4C501B4010E94575286
:10282000A701960175CD0A30110509F0D0C020E04E
:1028300030E040E251E40E942E506B017C01C092D6
:10284000970FD092980FE092990FF0929A0F20E094
:1028500030E0A9010E94275018160CF4B1C0109264
:10286000970F1092980F1092990F10929A0F20E0E4
:1028700030E040E85FE36091970F7091980F80918E
:10288000990F90919A0F0E94535287FD0CC080E0DF
:1028900090E0A0E8BFE38093970F9093980FA093E8
:1028A000990FB0939A0F8090AB0F9090AC0FA090BF
:1028B000AD0FB090AE0F2AE336E441E75FE3C50108
:1028C000B4010E9457520E9406532AE939E949E1AE
:1028D0005EE30E94575220E030E040E85FE30E9450
:1028E000C34F6B837C838D839E832CE739ED40EA55
:1028F0005EE3C501B4010E9457522B013C01C09018
:10290000970FD090980FE090990FF0909A0F0E9437
:102910002B506F83788789879A8720E030E048E4DE
:1029200052E4C701B6010E9457522B813C814D8170
:102930005E810E9457522F81388549855A850E94B1
:10294000575260938F0F7093900F8093910F9093D5
:10295000920FC301B2010E9406532B013C0120E0FB
:1029600030E040E252E4C701B6010E9457522B8189
:102970003C814D815E810E945752A30192010E94C9
:1029800057526093930F7093940F8093950F909389
:10299000960F2CE739ED40E25FE3C501B4010E94D8
:1029A00057520E9406534B015C0120E030E048EC96
:1029B00051E4C701B6010E945752A5019401A8CC69
:1029C000C701B6010E943B06811149CF50CF0B30A1
:1029D000110509F056C02CE739ED40E25FE30E9493
:1029E00057526B017C010E9406534B015C0120E0B1
:1029F00030E040E751E40E94575260938F0F70938C
:102A0000900F8093910F9093920FC701B6010E948F
:102A10002B506B017C0120E030E040E051E40E944B
:102A2000575220E030EC41EA53E40E94C34F6093D8
:102A3000970F7093980F8093990F90939A0F25E3B7
:102A40003AEF4EE05DE3C501B4010E945752609336
:102A50009B0F70939C0F80939D0F90939E0F25E387
:102A60003AEF4EE05DE3C701B6010E945752609312
:102A70009F0F7093A00F8093A10F9093A20F0C94BF
:102A8000F2080C30110509F048C02CE739ED40E29E
:102A90005FE30E9457520E9406534B015C0120E005
:102AA00030E040E751E40E94575260938F0F7093DB
:102AB000900F8093910F9093920F2CE739ED40EA9D
:102AC0005FE3C701B6010E9457520E94065320E0FF
:102AD00030E040E051E40E94575220E030EC41EAFF
:102AE00053E40E94C34F6093970F7093980F8093A5
:102AF000990F90939A0F25E33AEF4EE05DE3C501FD
:102B0000B4010E9457526093A30F7093A40F809357
:102B1000A50F9093A60F0C94F2080D301105A9F59E
:102B20002CE739ED40E25FE30E9457524B015C0114
:102B30000E942B5020E030E040E751E40E945752C1
:102B400060938F0F7093900F8093910F9093920FDB
:102B5000C501B4010E94065320E030E040E751E493
:102B60000E9457526093930F7093940F8093950F28
:102B70009093960F2CE739ED40EA5FE3C701B60169
:102B80000E9457520E94065300CE0E30110509F0E4
:102B9000BEC020E030E044EB52E4C501B4010E9425
:102BA0002E500E94045120E030E044EB52E40E9499
:102BB00057529B01AC01C501B4010E94C24F6B0189
:102BC0007C01C0928F0FD092900FE092910FF09203
:102BD000920F20E030E0A9010E94275018160CF453
:102BE0007FC01092970F1092980F1092990F109229
:102BF0009A0F20E030E040E85FE36091970F70911A
:102C0000980F8091990F90919A0F0E94535287FDCF
:102C10000CC080E090E0A0E8BFE38093970F909312
:102C2000980FA093990FB0939A0F20E030E044EBF7
:102C300052E460918F0F7091900F8091910F90915D
:102C4000920F0E942E506B017C01C092AB0FD0926C
:102C5000AC0FE092AD0FF092AE0F24EE3BEC46E9E4
:102C600051E40E9457522B013C0120E030E040E249
:102C700052E46091970F7091980F8091990F909105
:102C80009A0F0E9457524B015C01C301B2010E948E
:102C90002B509B01AC01C501B4010E9457526093B7
:102CA0008F0F7093900F8093910F9093920FC301A9
:102CB000B2010E9406539B01AC01C501B4010E9400
:102CC00057526093930F7093940F8093950F909346
:102CD000960F20E030E048E452E4C701B60118CB7B
:102CE000C701B6010E943B0681117BCF80918F0FF7
:102CF0009091900FA091910FB091920F8093970FA8
:102D00009093980FA093990FB0939A0F72CF0F30B2
:102D1000110511F00C94F20820E030E044E352E495
:102D2000C501B4010E942E500E94045120E030E001
:102D300044E352E40E9457529B01AC01C501B40127
:102D40000E94C24F6B017C01C092930FD092940FEE
:102D5000E092950FF092960F20E030E044E351E4CA
:102D60000E942E500E94045160938F0F7093900F19
:102D70008093910F9093920F20E030E044E351E470
:102D80000E9457529B01AC01C701B6010E94C24F7D
:102D900020E030E044E351E40E942E506B017C01BE
:102DA000C092AB0FD092AC0FE092AD0FF092AE0F8D
:102DB00020E030E040E450E40E9473064B015C01E7
:102DC000A7019601C701B6010E94575220E030E0EA
:102DD00040E450E40E9457526B017C01A50194012C
:102DE000C501B4010E94C34F9B01AC01C701B601EC
:102DF0000E94C24F6B017C0180908F0F9090900FCA
:102E0000A090910FB090920F20E030E0A901C50191
:102E1000B4010E942750811185C080E090E0A0E2BB
:102E2000B2EC8093630E9093640EA093650EB09302
:102E3000660E8093670E9093680EA093690EB09310
:102E40006A0E80E090E0A8ECB1EC80936B0E90935A
:102E50006C0EA0936D0EB0936E0E10E008ED68E25C
:102E60008090630E9090640EA090650EB090660EF8
:102E7000062E000C770B880B990B0E94C950A501F8
:102E800094010E94C24FA70196010E945752A501CA
:102E900094010E94C34F60938F0F7093900F8093A3
:102EA000910F9093920F8090670E9090680EA09073
:102EB000690EB0906A0E602F000F770B880B990B8C
:102EC0000E94C950A50194010E94C24FA70196011A
:102ED0000E945752A50194010E94C34F6093930F23
:102EE0007093940F8093950F9093960F80906B0E34
:102EF00090906C0EA0906D0EB0906E0E612F110F21
:102F0000770B880B990B0E94C950A50194010E9470
:102F1000C24FA70196010E945752A50194010E9439
:102F2000C34FBFCA20E030E040E85FE3C501B40111
:102F30000E942750811123C080E090E0A0E2B2E41B
:102F40008093630E9093640EA093650EB093660E0B
:102F500080E090E0A0E2B2EC8093670E9093680E60
:102F6000A093690EB0936A0E10926B0E10926C0EC5
:102F700010926D0E10926E0E19E108E270CF20E0F3
:102F800030E040E050E4C501B4010E9427508111B7
:102F900024C080E090E0A0E2B2E48093630E9093BE
:102FA000640EA093650EB093660E8093670E9093A7
:102FB000680EA093690EB0936A0E80E090E0A8ECD2
:102FC000B1E480936B0E90936C0EA0936D0EB09352
:102FD0006E0E10E008E268ED43CF80E090E0A0E2E2
:102FE000B2EC8093630E9093640EA093650EB09341
:102FF000660E80E090E0A0E2B2E48093670E9093CA
:10300000680EA093690EB0936A0E10926B0E109228
:103010006C0E10926D0E10926E0E17EE08EDDBCF57
:1030200040905C0350905D0360905E0370905F037E
:10303000A3019201C501B4010E94275087FD99C8E0
:1030400020916003309161034091620350916303CA
:10305000C701B6010E94535218160CF0B5C18091F9
:103060004C0390914D03A0914E03B0914F03809378
:10307000A30F9093A40FA093A50FB093A60F209138
:10308000A30F3091A40F4091A50F5091A60F60910E
:1030900064037091650380916603909167030E94B9
:1030A000575260930B1070930C1080930D109093F7
:1030B0000E102091471030914810409149105091C6
:1030C0004A10CC24CA94DC2C7601C092DD11D09237
:1030D000DE11E092DF11F092E0110E9457526093EE
:1030E000431070934410809345109093461066E00F
:1030F00070E080E090E00E94AC018C019093B610EB
:103100008093B510C0904310D0904410E0904510CB
:10311000F090461020E030E04FE753E4C701B601DD
:103120000E94275018160CF458C1C092A30FD092D9
:10313000A40FE092A50FF092A60F20E030E0A901C5
:103140006091A30F7091A40F8091A50F9091A60F8D
:103150000E94535287FF08C01092A30F1092A40F31
:103160001092A50F1092A60F4091A30F5091A40F9B
:103170006091A50F7091A60FC8010E948A0160910D
:103180000B1070910C1080910D1090910E102091E9
:103190004B1030914C1040914D1050914E10CC245A
:1031A000CA94DC2C7601C092D811D092D911E09249
:1031B000DA11F092DB110E94575260933F10709326
:1031C0004010809341109093421067E070E080E0DF
:1031D00090E00E94AC018C019093AE108093AD10F2
:1031E000C0903F10D0904010E0904110F0904210FD
:1031F00020E030E04FE753E4C701B6010E942750BA
:1032000018160CF4F7C0C092A30FD092A40FE0924E
:10321000A50FF092A60F20E030E0A9016091A30F66
:103220007091A40F8091A50F9091A60F0E94535208
:1032300087FF08C01092A30F1092A40F1092A50F41
:103240001092A60F4091A30F5091A40F6091A50F6B
:103250007091A60FC8010E948A0120912B0F309116
:103260002C0F40912D0F50912E0F60912C027091D8
:103270002D0280912E0290912F020E94575260934E
:103280002F10709330108093311090933210209152
:10329000B30E3091B40E4091B50E5091B60E6091C0
:1032A000870E7091880E8091890E90918A0E0E94EF
:1032B000C24F609307107093081080930910909389
:1032C0000A1020E032E147E650E10E943C06C0903F
:1032D0000710D0900810E0900910F0900A10E894C0
:1032E000F7F8C092330FD092340FE092350FF0927E
:1032F000360F209104023091050240910602509150
:103300000702C701B6010E94575220917003309105
:10331000710340917203509173030E9457524B0105
:103320005C018092BF0F9092C00FA092C10FB0922B
:10333000C20F209168023091690240916A02509157
:103340006B02C701B6010E9457522091871130913C
:1033500088114091891150918A110E94C34F2B010D
:103360003C0120918B1130918C1140918D11509125
:103370008E11C501B4010E94C24F9B01AC01C30173
:10338000B2010E94C34F4B015C018092370F9092B3
:10339000380FA092390FB0923A0F409074035090BA
:1033A00075036090760370907703A30192010E94E9
:1033B0005352181664F54092370F5092380F6092AE
:1033C000390F70923A0F33C080912F0F9091300FC8
:1033D000A091310FB091320F4ACE80E090E0AFE77C
:1033E000B3E48093A30F9093A40FA093A50FB09381
:1033F000A60FA3CE80E090E0AFE7B3E48093A30FE5
:103400009093A40FA093A50FB093A60F04CF409064
:1034100078035090790360907A0370907B03A30146
:103420009201C501B4010E94275087FDC4CF2091AD
:103430007C0330917D0340917E0350917F03C7014F
:10344000B6010E94535218160CF0B5C18091680362
:1034500090916903A0916A03B0916B038093A30FCD
:103460009093A40FA093A50FB093A60F2091A30F44
:103470003091A40F4091A50F5091A60F6091800349
:103480007091810380918203909183030E9457522F
:1034900060930310709304108093051090930610AE
:1034A00020916710309168104091691050916A1016
:1034B000CC24CA94DC2C7601C092FB11D092FC1172
:1034C000E092FD11F092FE110E945752609363103A
:1034D0007093641080936510909366106CE070E0B8
:1034E00080E090E00E94AC018C019093D610809314
:1034F000D510C0906310D0906410E0906510F090EB
:10350000661020E030E04FE753E4C701B6010E94A7
:10351000275018160CF458C1C092A30FD092A40FD4
:10352000E092A50FF092A60F20E030E0A901609193
:10353000A30F7091A40F8091A50F9091A60F0E94E8
:10354000535287FF08C01092A30F1092A40F10923D
:10355000A50F1092A60F4091A30F5091A40F609158
:10356000A50F7091A60FC8010E948A0160910310F7
:1035700070910410809105109091061020916B10AD
:1035800030916C1040916D1050916E10CC24CA9403
:10359000DC2C7601C092F611D092F711E092F8116E
:1035A000F092F9110E94575260935F10709360106F
:1035B00080936110909362106DE070E080E090E085
:1035C0000E94AC018C019093CE108093CD10C090DE
:1035D0005F10D0906010E0906110F090621020E0D9
:1035E00030E04FE753E4C701B6010E942750181698
:1035F0000CF4F7C0C092A30FD092A40FE092A50FD5
:10360000F092A60F20E030E0A9016091A30F709125
:10361000A40F8091A50F9091A60F0E94535287FF8F
:1036200008C01092A30F1092A40F1092A50F109231
:10363000A60F4091A30F5091A40F6091A50F709118
:10364000A60FC8010E948A012091330F3091340FD8
:103650004091350F5091360F6091300270913102D8
:1036600080913202909133020E945752609333103E
:103670007093341080933510909336102091AB0ED8
:103680003091AC0E4091AD0E5091AE0E6091830E14
:103690007091840E8091850E9091860E0E94C24F8B
:1036A0006093FF0F709300108093011090930210AD
:1036B0002FE032E147E750E10E943C06C090FF0F47
:1036C000D0900010E0900110F0900210E894F7F80C
:1036D000C0923B0FD0923C0FE0923D0FF0923E0F14
:1036E000209108023091090240910A0250910B0288
:1036F000C701B6010E94575220918C0330918D036F
:1037000040918E0350918F030E9457524B015C01F0
:103710008092BB0F9092BC0FA092BD0FB092BE0FD3
:1037200020916C0230916D0240916E0250916F02B7
:10373000C701B6010E94575220918F11309190110C
:1037400040919111509192110E94C34F2B013C0165
:1037500020919311309194114091951150919611AF
:10376000C501B4010E94C24F9B01AC01C301B2016B
:103770000E94C34F4B015C0180923F0F9092400F1B
:10378000A092410FB092420F40909003509091034D
:103790006090920370909303A30192010E94535290
:1037A000181664F540923F0F5092400F6092410FFF
:1037B0007092420F33C08091370F9091380FA091D3
:1037C000390FB0913A0F4ACE80E090E0AFE7B3E412
:1037D0008093A30F9093A40FA093A50FB093A60F6F
:1037E000A3CE80E090E0AFE7B3E48093A30F909383
:1037F000A40FA093A50FB093A60F04CF40909403FD
:10380000509095036090960370909703A3019201E6
:10381000C501B4010E94275087FDC4CF20919803B1
:103820003091990340919A0350919B03C701B601CF
:103830000E94535218160CF0B5C1809184039091E8
:103840008503A0918603B09187038093A30F909383
:10385000A40FA093A50FB093A60F2091A30F3091B2
:10386000A40F4091A50F5091A60F60919C037091F9
:103870009D0380919E0390919F030E9457526093F5
:10388000FB0F7093FC0F8093FD0F9093FE0F209120
:103890007710309178104091791050917A10CC24A3
:1038A000CA94DC2C7601C0920A12D0920B12E092DC
:1038B0000C12F0920D120E94575260937310709385
:1038C000741080937510909376106AE070E080E039
:1038D00090E00E94AC018C019093E6108093E5107B
:1038E000C0907310D0907410E0907510F090761026
:1038F00020E030E04FE753E4C701B6010E942750B3
:1039000018160CF458C1C092A30FD092A40FE092E5
:10391000A50FF092A60F20E030E0A9016091A30F5F
:103920007091A40F8091A50F9091A60F0E94535201
:1039300087FF08C01092A30F1092A40F1092A50F3A
:103940001092A60F4091A30F5091A40F6091A50F64
:103950007091A60FC8010E948A016091FB0F7091BF
:10396000FC0F8091FD0F9091FE0F20917B10309104
:103970007C1040917D1050917E10CC24CA94DC2C98
:103980007601C0920512D0920612E0920712F092D0
:1039900008120E94575260936F10709370108093BA
:1039A0007110909372106BE070E080E090E00E94E4
:1039B000AC018C019093DE108093DD10C0906F10ED
:1039C000D0907010E0907110F090721020E030E014
:1039D0004FE753E4C701B6010E94275018160CF4B4
:1039E000F7C0C092A30FD092A40FE092A50FF0925F
:1039F000A60F20E030E0A9016091A30F7091A40F01
:103A00008091A50F9091A60F0E94535287FF08C086
:103A10001092A30F1092A40F1092A50F1092A60F50
:103A20004091A30F5091A40F6091A50F7091A60F24
:103A3000C8010E948A0120913B0F30913C0F4091B8
:103A40003D0F50913E0F609134027091350280918C
:103A50003602909137020E9457526093371070934C
:103A600038108093391090933A102091A30E309122
:103A7000A40E4091A50E5091A60E60917F0E7091FC
:103A8000800E8091810E9091820E0E94C24F6093B1
:103A9000F70F7093F80F8093F90F9093FA0F2EE1C0
:103AA00032E147E850E10E943C06C090F70FD09009
:103AB000F80FE090F90FF090FA0FE894F7F8C09241
:103AC000430FD092440FE092450FF092460F2091A1
:103AD0000C0230910D0240910E0250910F02C7016D
:103AE000B6010E9457522091A8033091A90340913A
:103AF000AA035091AB030E9457524B015C01809284
:103B0000B70F9092B80FA092B90FB092BA0F209150
:103B10007002309171024091720250917302C7019C
:103B2000B6010E94575220919711309198114091FF
:103B3000991150919A110E94C34F2B013C01209181
:103B40009B1130919C1140919D1150919E11C50186
:103B5000B4010E94C24F9B01AC01C301B2010E949B
:103B6000C34F4B015C018092470F9092480FA09287
:103B7000490FB0924A0F4090AC035090AD03609053
:103B8000AE037090AF03A30192010E945352181626
:103B900064F54092470F5092480F6092490F70921F
:103BA0004A0F33C080913F0F9091400FA091410F79
:103BB000B091420F4ACE80E090E0AFE7B3E480934B
:103BC000A30F9093A40FA093A50FB093A60FA3CE1D
:103BD00080E090E0AFE7B3E48093A30F9093A40F4D
:103BE000A093A50FB093A60F04CF4090B0035090C0
:103BF000B1036090B2037090B303A3019201C501B9
:103C0000B4010E94275087FDC4CF2091B4033091A6
:103C1000B5034091B6035091B703C701B6010E94A6
:103C2000535218160CF0AFC18091A0039091A103DC
:103C3000A091A203B091A3038093A30F9093A40F2C
:103C4000A093A50FB093A60F2091A30F3091A40FBE
:103C50004091A50F5091A60F6091B8037091B903E0
:103C60008091BA039091BB030E9457526093F30F67
:103C70007093F40F8093F50F9093F60F20918710B7
:103C8000309188104091891050918A10CC24CA94A8
:103C9000DC2C7601C0921912D0921A12E0921B12FB
:103CA000F0921C120E9457526093831070938410FC
:103CB000809385109093861064E070E080E090E03F
:103CC0000E94AC018C019093F6108093F510C09087
:103CD0008310D0908410E0908510F090861020E042
:103CE00030E04FE753E4C701B6010E942750181691
:103CF0000CF452C1C092A30FD092A40FE092A50F72
:103D0000F092A60F20E030E0A9016091A30F70911E
:103D1000A40F8091A50F9091A60F0E94535287FF88
:103D200008C01092A30F1092A40F1092A50F10922A
:103D3000A60F4091A30F5091A40F6091A50F709111
:103D4000A60FC8010E948A016091F30F7091F40FD1
:103D50008091F50F9091F60F20918B1030918C107F
:103D600040918D1050918E10CC24CA94DC2C760199
:103D7000C0921412D0921512E0921612F0921712FD
:103D80000E94575260937F1070938010809381102F
:103D90009093821065E070E080E090E00E94AC01BA
:103DA0008C019093EE108093ED10C0907F10D09016
:103DB0008010E0908110F090821020E030E04FE71A
:103DC00053E4C701B6010E94275018160CF4F1C045
:103DD000C092A30FD092A40FE092A50FF092A60F6D
:103DE00020E030E0A9016091A30F7091A40F8091B1
:103DF000A50F9091A60F0E94535287FF08C0109202
:103E0000A30F1092A40F1092A50F1092A60F40912D
:103E1000A30F5091A40F6091A50F7091A60FC80138
:103E20000E948A012091430F3091440F4091450F29
:103E30005091460F609138027091390280913A0298
:103E400090913B020E94575260933B1070933C103C
:103E500080933D1090933E1020919B0E30919C0ECC
:103E600040919D0E50919E0E60917B0E70917C0E44
:103E700080917D0E90917E0E0E94C24F6093EF0F55
:103E80007093F00F8093F10F9093F20F2DE232E1D7
:103E900047E950E10E943C06C090EF0FD090F00F30
:103EA000E090F10FF090F20FE894F7F8C0924B0F0A
:103EB000D0924C0FE0924D0FF0924E0F20911002D5
:103EC000309111024091120250911302C701B601C4
:103ED0000E9457522091A3113091A4114091A51135
:103EE0005091A6110E94C24F209160023091610250
:103EF00040916202509163020E9457524B015C0153
:103F00008092C70F9092C80FA092C90FB092CA0FAB
:103F1000209174023091750240917602509177029F
:103F2000C701B6010E94575220919F113091A011F4
:103F30004091A1115091A2110E94C34FA50194017B
:103F40000E94C34F4B015C0180924F0F9092500F23
:103F5000A092510FB092520F4090C8035090C903E5
:103F60006090CA037090CB03A30192010E94535248
:103F7000181664F540924F0F5092500F6092510FF7
:103F80007092520F33C08091470F9091480FA091CB
:103F9000490FB0914A0F50CE80E090E0AFE7B3E414
:103FA0008093A30F9093A40FA093A50FB093A60F97
:103FB000A9CE80E090E0AFE7B3E48093A30F9093A5
:103FC000A40FA093A50FB093A60F0ACF4090CC03E7
:103FD0005090CD036090CE037090CF03A301920167
:103FE000C501B4010E94275087FDC4CF2091D003A2
:103FF0003091D1034091D2035091D303C701B60150
:104000000E94535218160CF0B5C18091BC039091D8
:10401000BD03A091BE03B091BF038093A30F909303
:10402000A40FA093A50FB093A60F2091A30F3091DA
:10403000A40F4091A50F5091A60F6091D4037091E9
:10404000D5038091D6039091D7030E945752609375
:10405000EB0F7093EC0F8093ED0F9093EE0F209188
:104060009710309198104091991050919A10CC244B
:10407000CA94DC2C7601C0922812D0922912E092C8
:104080002A12F0922B120E94575260939310709351
:104090009410809395109093961062E070E080E009
:1040A00090E00E94AC018C01909306118093051161
:1040B000C0909310D0909410E0909510F0909610CE
:1040C00020E030E04FE753E4C701B6010E942750DB
:1040D00018160CF458C1C092A30FD092A40FE0920E
:1040E000A50FF092A60F20E030E0A9016091A30F88
:1040F0007091A40F8091A50F9091A60F0E9453522A
:1041000087FF08C01092A30F1092A40F1092A50F62
:104110001092A60F4091A30F5091A40F6091A50F8C
:104120007091A60FC8010E948A016091EB0F7091F7
:10413000EC0F8091ED0F9091EE0F20919B1030913C
:104140009C1040919D1050919E10CC24CA94DC2C60
:104150007601C0922312D0922412E0922512F0929E
:1041600026120E94575260938F1070939010809384
:1041700091109093921063E070E080E090E00E94D4
:10418000AC018C019093FE108093FD10C0908F10B5
:10419000D0909010E0909110F090921020E030E0DC
:1041A0004FE753E4C701B6010E94275018160CF4DC
:1041B000F7C0C092A30FD092A40FE092A50FF09287
:1041C000A60F20E030E0A9016091A30F7091A40F29
:1041D0008091A50F9091A60F0E94535287FF08C0AF
:1041E0001092A30F1092A40F1092A50F1092A60F79
:1041F0004091A30F5091A40F6091A50F7091A60F4D
:10420000C8010E948A0120914B0F30914C0F4091C0
:104210004D0F50914E0F60913C0270913D02809184
:104220003E0290913F020E94575260932B10709370
:104230002C1080932D1090932E102091930E30917E
:10424000940E4091950E5091960E60918B0E709148
:104250008C0E80918D0E90918E0E0E94C24F6093B5
:10426000E70F7093E80F8093E90F9093EA0F21EF27
:1042700031E147E550E10E943C06C090E70FD09045
:10428000E80FE090E90FF090EA0FE894F7F8C09299
:10429000530FD092540FE092550FF092560F209189
:1042A0001402309115024091160250911702C70175
:1042B000B6010E9457522091E0033091E1034091F2
:1042C000E2035091E3030E9457524B015C0180923C
:1042D000B30F9092B40FA092B50FB092B60F209189
:1042E00078023091790240917A0250917B02C701A5
:1042F000B6010E9457522091A7113091A811409108
:10430000A9115091AA110E94C34F2B013C01209189
:10431000AB113091AC114091AD115091AE11C5016E
:10432000B4010E94C24F9B01AC01C301B2010E94C3
:10433000C34F4B015C018092570F9092580FA0928F
:10434000590FB0925A0F4090E4035090E5036090EB
:10435000E6037090E703A30192010E9453521816DE
:1043600064F54092570F5092580F6092590F709217
:104370005A0F33C080914F0F9091500FA091510F61
:10438000B091520F4ACE80E090E0AFE7B3E4809363
:10439000A30F9093A40FA093A50FB093A60FA3CE45
:1043A00080E090E0AFE7B3E48093A30F9093A40F75
:1043B000A093A50FB093A60F04CF4090E8035090B0
:1043C000E9036090EA037090EB03A3019201C50139
:1043D000B4010E94275087FDC4CF2091EC03309197
:1043E000ED034091EE035091EF03C701B6010E9427
:1043F000535218160CF0F5C48091D8039091D9034C
:10440000A091DA03B091DB038093A30F9093A40FE4
:10441000A093A50FB093A60F2091A30F3091A40FE6
:104420004091A50F5091A60F6091F0037091F10398
:104430008091F2039091F3030E9457526093E30F2F
:104440007093E40F8093E50F9093E60F209157103F
:10445000309158104091591050915A10CC24CA9460
:10446000DC2C7601C092EC11D092ED11E092EE11AD
:10447000F092EF110E9457526093531070935410B2
:10448000809355109093561068E070E080E090E0C3
:104490000E94AC018C019093C6108093C510C0900F
:1044A0005310D0905410E0905510F090561020E02A
:1044B00030E04FE753E4C701B6010E9427501816B9
:1044C0000CF498C4C092A30FD092A40FE092A50F51
:1044D000F092A60F20E030E0A9016091A30F709147
:1044E000A40F8091A50F9091A60F0E94535287FFB1
:1044F00008C01092A30F1092A40F1092A50F109253
:10450000A60F4091A30F5091A40F6091A50F709139
:10451000A60FC8010E948A016091E30F7091E40F19
:104520008091E50F9091E60F20915B1030915C1027
:1045300040915D1050915E10CC24CA94DC2C760121
:10454000C092E711D092E811E092E911F092EA11DD
:104550000E94575260934F107093501080935110E7
:104560009093521069E070E080E090E00E94AC010E
:104570008C019093BE108093BD10C0904F10D090CE
:104580005010E0905110F090521020E030E04FE7D2
:1045900053E4C701B6010E94275018160CF437C423
:1045A000C092A30FD092A40FE092A50FF092A60F95
:1045B00020E030E0A9016091A30F7091A40F8091D9
:1045C000A50F9091A60F0E94535287FF08C010922A
:1045D000A30F1092A40F1092A50F1092A60F409156
:1045E000A30F5091A40F6091A50F7091A60FC80161
:1045F0000E948A012091530F3091540F4091550F22
:104600005091560F60914002709141028091420298
:10461000909143020E945752609327107093281084
:104620008093291090932A10C090AF0FD090B00FB4
:10463000E090B10FF090B20F20E030E040E050E4A5
:10464000C701B6010E94275061E087FD17C020E036
:1046500030E040E850E4C701B6010E94275060E016
:1046600087FD0CC011E020E030E040E251E4C701DA
:10467000B6010E94275087FF10E0612F86E10E945B
:10468000830180919B0E90919C0EA0919D0EB09104
:104690009E0E8093371190933811A0933911B093E7
:1046A0003A118091A30E9091A40EA091A50EB09105
:1046B000A60E80933B1190933C11A0933D11B093B3
:1046C0003E118091AB0E9091AC0EA091AD0EB091C9
:1046D000AE0E80933F1190934011A0934111B0937F
:1046E00042118091B30E9091B40EA091B50EB0918D
:1046F000B60E8093431190934411A0934511B0934B
:1047000046118091930E9091940EA091950EB091C8
:10471000960E8093471190934811A0934911B0933E
:104720004A118091BB0E9091BC0EA091BD0EB0912C
:10473000BE0E80934B1190934C11A0934D11B093EA
:104740004E118091DF0F9091E00FA091E10FB09199
:10475000E20F80934F1190935011A0935111B09399
:1047600052118091231090912410A0912510B091A6
:1047700026108093531190935411A0935511B09328
:1047800056118091DB0F9091DC0FA091DD0FB0915D
:10479000DE0F8093571190935811A0935911B09345
:1047A0005A1180911F1090912010A0912110B0916A
:1047B000221080935B1190935C11A0935D11B093D4
:1047C0005E118091D70F9091D80FA091D90FB09121
:1047D000DA0F80935F1190936011A0936111B093F1
:1047E000621180911B1090911C10A0911D10B0912E
:1047F0001E108093631190936411A0936511B09380
:1048000066118091D30F9091D40FA091D50FB091E4
:10481000D60F8093671190936811A0936911B0939C
:104820006A118091171090911810A0911910B091F1
:104830001A1080936B1190936C11A0936D11B0932B
:104840006E118091CF0F9091D00FA091D10FB091A8
:10485000D20F80936F1190937011A0937111B09348
:1048600072118091131090911410A0911510B091B5
:1048700016108093731190937411A0937511B093D7
:1048800076118091CB0F9091CC0FA091CD0FB0916C
:10489000CE0F8093771190937811A0937911B093F4
:1048A0007A1180910F1090911010A0911110B09179
:1048B000121080937B1190937C11A0937D11B09383
:1048C0007E1120912F103091301040913110509175
:1048D0003210609150037091510380915203909176
:1048E00053030E94575220917F11309180114091C3
:1048F0008111509182110E94C34F60937F11709378
:10490000801180938111909382118091C30F9091B7
:10491000C40FA091C50FB091C60F809383119093DF
:104920008411A0938511B09386112091331030919A
:104930003410409135105091361060916C03709195
:104940006D0380916E0390916F030E9457522091E6
:104950008711309188114091891150918A110E94DC
:10496000C34F60938711709388118093891190933E
:104970008A118091BF0F9091C00FA091C10FB0918B
:10498000C20F80938B1190938C11A0938D11B093D3
:104990008E1120913710309138104091391050917C
:1049A0003A10609188037091890380918A039091F5
:1049B0008B030E94575220918F113091901140919A
:1049C0009111509192110E94C34F60938F11709377
:1049D000901180939111909392118091BB0F9091BF
:1049E000BC0FA091BD0FB091BE0F80939311909317
:1049F0009411A0939511B093961120913B10309192
:104A00003C1040913D1050913E106091A403709174
:104A1000A5038091A6039091A7030E94575220916D
:104A20009711309198114091991150919A110E94CB
:104A3000C34F60939711709398118093991190933D
:104A40009A118091B70F9091B80FA091B90FB091C2
:104A5000BA0F80939B1190939C11A0939D11B093DA
:104A60009E1120912B1030912C1040912D105091BF
:104A70002E106091C0037091C1038091C203909188
:104A8000C3030E94575220919F113091A011409171
:104A9000A1115091A2110E94C34F60939F11709376
:104AA000A0118093A1119093A2112091C70F309172
:104AB000C80F4091C90F5091CA0F6091C403709103
:104AC000C5038091C6039091C7030E94575220915D
:104AD000A3113091A4114091A5115091A6110E94EB
:104AE000C34F6093A3117093A4118093A511909369
:104AF000A611209127103091281040912910509133
:104B00002A106091DC037091DD038091DE039091A7
:104B1000DF030E9457522091A7113091A8114091B4
:104B2000A9115091AA110E94C34F6093A7117093CD
:104B3000A8118093A9119093AA118091B30F90911D
:104B4000B40FA091B50FB091B60F8093AB119093B5
:104B5000AC11A093AD11B093AE116091630670914A
:104B6000640680916506909166060E94C75020E019
:104B700030E040E85FE40E9457526B017C01609195
:104B80005F067091600680916106909162060E94B6
:104B9000C7509B01AC01C701B6010E94C34F20E082
:104BA00030E0A9010E94C34F0E949B50AB01BC01A1
:104BB00081E090E00E94100580917106811135C05E
:104BC00060916B0670916C0680916D0690916E06F7
:104BD0000E94C75020E030E040E85FE40E94575256
:104BE0006B017C016091670670916806809169068F
:104BF00090916A060E94C7509B01AC01C701B601A3
:104C00000E94C34F20E030E040E450E40E9457523D
:104C100020E030E0A9010E94C34F0E949B50AB01ED
:104C2000BC0182E090E00E941005C0905306D09035
:104C30005406E0905506F0905606BFEFCB1ADB0AFB
:104C4000EB0AFB0AC0925306D0925406E092550636
:104C5000F0925606C114D104E104F10499F4809154
:104C6000570690915806A0915906B0915A060196A0
:104C7000A11DB11D8093570690935806A093590625
:104C8000B0935A0680905B0690905C06A0905D06FB
:104C9000B0905E060091790610917A0660915706F1
:104CA000709158068091590690915A060E94C750FB
:104CB000A50194010E94575220E030E040E85FE4F3
:104CC0000E9457522B013C01C701B6010E94C750F8
:104CD000A50194010E9457529B01AC01C301B2018E
:104CE0000E94C34FF8016083718382839383809114
:104CF0005F0690916006A0916106B09162060196F0
:104D0000A11DB11D80935F0690936006A09361067C
:104D1000B0936206892B8A2B8B2B99F480916306C2
:104D200090916406A0916506B09166060196A11D5A
:104D3000B11D8093630690936406A0936506B093BB
:104D400066068091710681112DC0409167065091D1
:104D500068066091690670916A064F5F5F4F6F4FFA
:104D60007F4F40936706509368066093690670937F
:104D70006A06452B462B472B09F056C040916B061F
:104D800050916C0660916D0670916E064F5F5F4F9B
:104D90006F4F7F4F40936B0650936C0660936D0688
:104DA00070936E068F5F833008F040C08093710669
:104DB000A2960FB6F894DEBF0FBECDBFDF91CF91A4
:104DC0001F910F91FF90EF90DF90CF90BF90AF9029
:104DD0009F908F907F906F905F904F903F902F901B
:104DE00008958091570F9091580FA091590FB0914D
:104DF0005A0F0ACB80E090E0AFE7B3E48093A30FB3
:104E00009093A40FA093A50FB093A60F63CB80E05F
:104E100090E0AFE7B3E48093A30F9093A40FA09327
:104E2000A50FB093A60FC4CB81E0C0CF109271063E
:104E3000BFCF8F929F92AF92BF92EF92FF920F934C
:104E40001F93CF9384E090E00E94BF05E8EBF5E06C
:104E50008FECDF011D928A95E9F786E796E0909343
:104E6000BF058093BE0589E796E09093F90580938E
:104E7000F8058BE596E09093CD058093CC05F093F3
:104E80002306E0932206F093BD05E093BC0581E084
:104E900090E090937706809376068EE194E090936D
:104EA000C3058093C2058BE796E090937A068093C2
:104EB000790680E090E0A0E8BFEB809372069093C3
:104EC0007306A0937406B09375068AE097EDA3E28B
:104ED000BCE380935B0690935C06A0935D06B09361
:104EE0005E0682EF9FEBAEE7B9EA809341069093AE
:104EF0004206A0934306B093440685E699EFACEFD3
:104F0000BAE38093450690934606A0934706B09374
:104F100048068BE19CE4A3E4B1EA809349069093B0
:104F20004A06A0934B06B0934C068AE299E3A6E9A1
:104F3000BDE880934D0690934E06A0934F06B09324
:104F400050068CEA95E09093BB058093BA0588E5FE
:104F500095E09093AD058093AC0580E394E0909349
:104F600059058093580590935B0580935A0590935B
:104F70005D0580935C0590935F0580935E0590933B
:104F8000610580936005909363058093620590931B
:104F900065058093640590936705809366059093FB
:104FA00069058093680590936B0580936A059093DB
:104FB0006D0580936C0590936F0580936E059093BB
:104FC000710580937005909373058093720590939B
:104FD000750580937405909377058093760590937B
:104FE00079058093780590937B0580937A0590935B
:104FF0007D0580937C0590937F0580937E0590933B
:10500000810580938005909383058093820590931A
:1050100085058093840590938705809386059093FA
:1050200089058093880590938B0580938A059093DA
:105030008D0580938C0590938F0580938E059093BA
:10504000910580939005909393058093920590939A
:10505000950580939405909397058093960590937A
:1050600099058093980590939B0580939A0590935A
:105070009D0580939C0590939F0580939E0590933A
:10508000A1058093A0059093A3058093A20590931A
:10509000A5058093A4059093A7058093A6059093FA
:1050A000A9058093A8059093AB058093AA0581E597
:1050B00096E09093B1058093B00581E496E09093DB
:1050C000AF058093AE058FEF9FEFDC018093B405B1
:1050D0009093B505A093B605B093B705EBE8FDE056
:1050E00084E193E0DF019C011D9221503040E1F703
:1050F000EFE9F0E183E991E0DF019C011D9221508D
:105100003040E1F7C1E0C093C211812C912C5401D1
:1051100083948092101190921111A0921211B0926A
:10512000131168E370E080E090E00E94DE0390934A
:10513000161180931511C093141110922F11C09362
:10514000C6118092301190923111A0923211B0921A
:10515000331166E370E080E090E00E94DE039093FC
:10516000361180933511C093341110922711C093DA
:10517000C5118092281190922911A0922A11B09203
:105180002B116BE370E080E090E00E94DE039093CF
:105190002E1180932D11C0932C1110921F11C093CA
:1051A000C4118092201190922111A0922211B092EC
:1051B00023116AE370E080E090E00E94DE039093A8
:1051C000261180932511C093241110921711C093BA
:1051D000C3118092181190921911A0921A11B092D5
:1051E0001B1169E370E080E090E00E94DE03909381
:1051F0001E1180931D11C0931C1110920711C093B2
:10520000C1118092081190920911A0920A11B092D6
:105210000B1167E370E080E090E00E94DE03909362
:105220000E1180930D11C0930C111092AF10C0930A
:10523000C8118092B0109092B110A092B210B092AA
:10524000B310E12CF12C8701A801970166E070E012
:1052500080E090E00E94F0019093B6108093B5102A
:10526000C093B4101092A710C093C7118092A810D9
:105270009092A910A092AA10B092AB10A801970129
:1052800067E070E080E090E00E94F0019093AE1043
:105290008093AD10C093AC101092CF10C093CC117E
:1052A0008092D0109092D110A092D210B092D310D0
:1052B000A80197016CE070E080E090E00E94F001AE
:1052C0009093D6108093D510C093D4101092C7102D
:1052D000C093CB118092C8109092C910A092CA10AE
:1052E000B092CB10A80197016DE070E080E090E0F3
:1052F0000E94F0019093CE108093CD10C093CC10FB
:105300001092DF10C093CE118092E0109092E110C5
:10531000A092E210B092E310A80197016AE070E059
:1053200080E090E00E94F0019093E6108093E510F9
:10533000C093E4101092D710C093CD118092D81072
:105340009092D910A092DA10B092DB10A8019701C8
:105350006BE070E080E090E00E94F0019093DE103E
:105360008093DD10C093DC101092EF10C093D01129
:105370008092F0109092F110A092F210B092F3107F
:10538000A801970164E070E080E090E00E94F001E5
:105390009093F6108093F510C093F4101092E710DC
:1053A000C093CF118092E8109092E910A092EA1079
:1053B000B092EB10A801970165E070E080E090E00A
:1053C0000E94F0019093EE108093ED10C093EC10CA
:1053D0001092FF10C093D21180920011909201118F
:1053E000A0920211B0920311A801970162E070E04F
:1053F00080E090E00E94F0019093061180930511E7
:10540000C09304111092F710C093D1118092F8103C
:105410009092F910A092FA10B092FB10A801970197
:1054200063E070E080E090E00E94F0019093FE1055
:105430008093FD10C093FC101092BF10C093CA114E
:105440008092C0109092C110A092C210B092C3106E
:10545000A801970168E070E080E090E00E94F00110
:105460009093C6108093C510C093C4101092B710CB
:10547000C093C9118092B8109092B910A092BA103E
:10548000B092BB10A801970169E070E080E090E065
:105490000E94F0019093BE108093BD10C093BC1089
:1054A00010929F10C093D7118092A0109092A110DB
:1054B000A092A210B092A31061E086E10E947B014D
:1054C000C093A4108091B8029091B902A091BA0241
:1054D000B091BB02E7E3F1E181939193A193B19382
:1054E00031E1EF34F307C1F78091BC029091BD0226
:1054F000A091BE02B091BF0280934F1190935011C2
:10550000A0935111B09352118091C8029091C90299
:10551000A091CA02B091CB02809353119093541181
:10552000A0935511B09356118091D4029091D50259
:10553000A091D602B091D702809357119093581141
:10554000A0935911B0935A118091E0029091E10219
:10555000A091E202B091E30280935B1190935C1101
:10556000A0935D11B0935E118091EC029091ED02D9
:10557000A091EE02B091EF0280935F1190936011C1
:10558000A0936111B09362118091F8029091F90299
:10559000A091FA02B091FB02809363119093641181
:1055A000A0936511B0936611809104039091050357
:1055B000A0910603B091070380936711909368113F
:1055C000A0936911B0936A11809110039091110317
:1055D000A0911203B091130380936B1190936C11FF
:1055E000A0936D11B0936E1180911C0390911D03D7
:1055F000A0911E03B0911F0380936F1190937011BF
:10560000A0937111B0937211809128039091290396
:10561000A0912A03B0912B0380937311909374117E
:10562000A0937511B0937611809134039091350356
:10563000A0913603B091370380937711909378113E
:10564000A0937911B0937A11809140039091410316
:10565000A0914203B091430380937B1190937C11FE
:10566000A0937D11B0937E118091480290914902E0
:10567000A0914A02B0914B0280937F1190938011C8
:10568000A0938111B0938211809118029091190218
:10569000A0911A02B0911B02809383119093841100
:1056A000A0938511B093861180914C0290914D0288
:1056B000A0914E02B0914F02809387119093881170
:1056C000A0938911B0938A1180911C0290911D02C0
:1056D000A0911E02B0911F0280938B1190938C11A8
:1056E000A0938D11B0938E11809150029091510230
:1056F000A0915202B091530280938F119093901118
:10570000A0939111B0939211809120029091210267
:10571000A0912202B091230280939311909394114F
:10572000A0939511B09396118091540290915502D7
:10573000A0915602B09157028093971190939811BF
:10574000A0939911B0939A1180912402909125020F
:10575000A0912602B091270280939B1190939C11F7
:10576000A0939D11B0939E1180915802909159027F
:10577000A0915A02B0915B0280939F119093A01167
:10578000A093A111B093A21180914402909145027F
:10579000A0914602B09147028093A3119093A41167
:1057A000A093A511B093A61180915C0290915D0227
:1057B000A0915E02B0915F028093A7119093A8110F
:1057C000A093A911B093AA11809128029091290267
:1057D000A0912A02B0912B028093AB119093AC114F
:1057E000A093AD11B093AE118FEF9FEFDC018093CA
:1057F000B9119093BA11A093BB11B093BC118093CF
:10580000B1119093B211A093B311B093B4118093DE
:10581000BD119093BE11A093BF11B093C01180939E
:10582000B5119093B611A093B711B093B8118093AE
:10583000E2119093E311A093E411B093E5118093EA
:10584000DD119093DE11A093DF11B093E0118093EE
:10585000D8119093D911A093DA11B093DB118093F2
:10586000001290930112A0930212B093031280933E
:10587000FB119093FC11A093FD11B093FE11809346
:10588000F6119093F711A093F811B093F91180934A
:105890000F1290931012A0931112B09312128093D2
:1058A0000A1290930B12A0930C12B0930D128093D6
:1058B000051290930612A0930712B09308128093DA
:1058C0001E1290931F12A0932012B0932112809366
:1058D000191290931A12A0931B12B0931C1280936A
:1058E000141290931512A0931612B093171280936E
:1058F0002D1290932E12A0932F12B09330128093FA
:10590000281290932912A0932A12B0932B128093FD
:10591000231290932412A0932512B0932612809301
:10592000F1119093F211A093F311B093F4118093BD
:10593000EC119093ED11A093EE11B093EF118093C1
:10594000E7119093E811A093E911B093EA11CF9178
:105950001F910F91FF90EF90BF90AF909F908F900D
:10596000089580910F1181111FC081E080930F1164
:105970008091101190911111A0911211B0911311F9
:105980000197A105B10581F480911411882361F07C
:1059900068E370E080E090E00E949A039093161113
:1059A000809315110E94010480912F1181111FC055
:1059B00081E080932F118091301190913111A0914D
:1059C0003211B09133110197A105B10581F4809195
:1059D0003411882361F066E370E080E090E00E947B
:1059E0009A0390933611809335110E94010480919F
:1059F000271181111FC081E0809327118091281108
:105A000090912911A0912A11B0912B110197A10514
:105A1000B10581F480912C11882361F06BE370E073
:105A200080E090E00E949A0390932E1180932D11B4
:105A30000E94010480911F1181111FC081E0809399
:105A40001F118091201190912111A0912211B091EC
:105A500023110197A105B10581F4809124118823B8
:105A600061F06AE370E080E090E00E949A03909316
:105A70002611809325110E94010480911711811134
:105A80001FC081E080931711809118119091191116
:105A9000A0911A11B0911B110197A105B10581F4D4
:105AA00080911C11882361F069E370E080E090E050
:105AB0000E949A0390931E1180931D110E9401046D
:105AC0008091071181111FC081E08093071180919F
:105AD000081190910911A0910A11B0910B11019731
:105AE000A105B10581F480910C11882361F067E371
:105AF00070E080E090E00E949A0390930E118093F2
:105B00000D110E9401048091AF1081112EC081E01F
:105B10008093AF108091B0109091B110A091B2100D
:105B2000B091B3100197A105B105F9F48091B410BB
:105B30008823D9F066E070E080E090E00E94AC013C
:105B40009093B6108093B51040E050E0BA010E94E7
:105B50008A0166E070E080E090E00E94AC019093E2
:105B6000B6108093B5100E943B028091A71081115E
:105B70002EC081E08093A7108091A8109091A91069
:105B8000A091AA10B091AB100197A105B105F9F44D
:105B90008091AC108823D9F067E070E080E090E05D
:105BA0000E94AC019093AE108093AD1040E050E0A5
:105BB000BA010E948A0167E070E080E090E00E94F4
:105BC000AC019093AE108093AD100E943B02809187
:105BD000CF1081112EC081E08093CF108091D01022
:105BE0009091D110A091D210B091D3100197A1053E
:105BF000B105F9F48091D4108823D9F06CE070E0FD
:105C000080E090E00E94AC019093D6108093D51074
:105C100040E050E0BA010E948A016CE070E080E050
:105C200090E00E94AC019093D6108093D5100E9412
:105C30003B028091C71081112EC081E08093C71074
:105C40008091C8109091C910A091CA10B091CB104A
:105C50000197A105B105F9F48091CC108823D9F002
:105C60006DE070E080E090E00E94AC019093CE1077
:105C70008093CD1040E050E0BA010E948A016DE0AF
:105C800070E080E090E00E94AC019093CE10809391
:105C9000CD100E943B028091DF1081112EC081E067
:105CA0008093DF108091E0109091E110A091E210BC
:105CB000B091E3100197A105B105F9F48091E410CA
:105CC0008823D9F06AE070E080E090E00E94AC01A7
:105CD0009093E6108093E51040E050E0BA010E94F6
:105CE0008A016AE070E080E090E00E94AC0190934D
:105CF000E6108093E5100E943B028091D71081113D
:105D00002EC081E08093D7108091D8109091D91047
:105D1000A091DA10B091DB100197A105B105F9F45B
:105D20008091DC108823D9F06BE070E080E090E097
:105D30000E94AC019093DE108093DD1040E050E0B3
:105D4000BA010E948A016BE070E080E090E00E945E
:105D5000AC019093DE108093DD100E943B02809195
:105D6000EF1081112EC081E08093EF108091F01030
:105D70009091F110A091F210B091F3100197A1054C
:105D8000B105F9F48091F4108823D9F064E070E053
:105D900080E090E00E94AC019093F6108093F510A3
:105DA00040E050E0BA010E948A0164E070E080E0C7
:105DB00090E00E94AC019093F6108093F5100E9441
:105DC0003B028091E71081112EC081E08093E710A3
:105DD0008091E8109091E910A091EA10B091EB1039
:105DE0000197A105B105F9F48091EC108823D9F051
:105DF00065E070E080E090E00E94AC019093EE10CE
:105E00008093ED1040E050E0BA010E948A0165E005
:105E100070E080E090E00E94AC019093EE108093DF
:105E2000ED100E943B028091FF1081112EC081E095
:105E30008093FF108091001190910111A0910211A7
:105E4000B09103110197A105B105F9F480910411F6
:105E50008823D9F062E070E080E090E00E94AC011D
:105E6000909306118093051140E050E0BA010E9422
:105E70008A0162E070E080E090E00E94AC019093C3
:105E80000611809305110E943B028091F710811149
:105E90002EC081E08093F7108091F8109091F91056
:105EA000A091FA10B091FB100197A105B105F9F48A
:105EB0008091FC108823D9F063E070E080E090E0EE
:105EC0000E94AC019093FE108093FD1040E050E0E2
:105ED000BA010E948A0163E070E080E090E00E94D5
:105EE000AC019093FE108093FD100E943B028091C4
:105EF000BF1081112EC081E08093BF108091C0102F
:105F00009091C110A091C210B091C3100197A1054A
:105F1000B105F9F48091C4108823D9F068E070E0ED
:105F200080E090E00E94AC019093C6108093C51071
:105F300040E050E0BA010E948A0168E070E080E031
:105F400090E00E94AC019093C6108093C5100E940F
:105F50003B028091B71081112EC081E08093B71071
:105F60008091B8109091B910A091BA10B091BB1067
:105F70000197A105B105F9F48091BC108823D9F0EF
:105F800069E070E080E090E00E94AC019093BE1068
:105F90008093BD1040E050E0BA010E948A0169E0A0
:105FA00070E080E090E00E94AC019093BE1080937E
:105FB000BD100E943B0280919F10811103C081E0BF
:105FC00080939F1008954F925F926F927F928F926D
:105FD0009F92AF92BF92CF92DF92EF92FF920F9378
:105FE0001F93F89440909306509094066090950605
:105FF00070909606C0908706D0908806E09089063B
:10600000F0908A064130510509F0A4C09B01AC0113
:10601000241935094609570929013A0100918F06CB
:1060200010919006209191063091920648015901F5
:10603000840C951CA61CB71C80169106A206B306FC
:10604000A0F400918B0610918C0620918D06309162
:106050008E060F5F1F4F2F4F3F4F00938B061093FD
:106060008C0620938D0630938E0680928F06909238
:106070009006A0929106B092920600918B06109124
:106080008C0620918D0630918E0680929706909214
:106090009806A0929906B0929A0600939B061093D8
:1060A0009C0620939D0630939E0660939306709302
:1060B00094068093950690939606A0E1B7E2A3011B
:1060C00092010E94045B6C0D7D1D8E1D9F1D6093CF
:1060D0008706709388068093890690938A060091BC
:1060E000F4031091F5032091F6033091F7030F3F6D
:1060F0001F4F2F4F3F4FF1F00091F4031091F50324
:106100002091F6033091F7030E3F1F4F2F4F3F4F63
:1061100089F0C090F403D090F503E090F603F0907E
:10612000F70321E08C149D04AE04BF0408F420E0C2
:106130002093AB0678941F910F91FF90EF90DF9022
:10614000CF90BF90AF909F908F907F906F905F9017
:106150004F9008954B015C0184189508A608B70874
:10616000A3019201261B370B480B590B64157505CB
:1061700086059705D0F082169306A406B50640F46E
:1061800020E030E0A90181149104A104B10491F44C
:10619000A0E1B7E20E94045BA7019601261B370B22
:1061A000480B590BCA01B901C5CF82169306A40644
:1061B000B50670F7A0E1B7E2A50194010E94045B67
:1061C0006C0D7D1D8E1D9F1DB5CFFDCECF93DF9332
:1061D00000D01F92CDB7DEB71C821B821A821982B3
:1061E0001092A7061092A8061092A9061092AA066D
:1061F00010929F061092A0061092A1061092A2067D
:106200001092A3061092A4061092A5061092A6065C
:10621000BE016F5F7F4FCE0103960E94D64D69810C
:106220007A818B819C810E94F746009761F4BE01C0
:106230006F5F7F4FCE0103960E94E24D69817A81A4
:106240008B819C812BD50F900F900F900F90DF9139
:10625000CF910895FF920F931F93CF93DF93082F51
:1062600060E070E0CB010E94E054FF24F3940E94B0
:10627000E045EC01892B89F010E0CE3F8FEFD80785
:1062800069F0002361F160E070E0CB010E94E0540E
:1062900081E090E0892B59F322C011E022D5EC0176
:1062A000892B21F0CE3F8FEFD80759F711111EC06F
:1062B00011E0229609F410E00E949045EC01892B30
:1062C00021F0CE3F8FEFD807E1F6111111C011E098
:1062D000CE3F8FEFD80709F410E001110BC0CE01BB
:1062E000DF91CF911F910F91FF90089511E0E4CFBE
:1062F00011E0F3CF60E070E0CB010E94E0541F2575
:10630000812F90E0C7CFCF93DF938091AB06882396
:1063100021F060E070E0CB0149D632D6D0E0C0E099
:10632000892B71F06AE070E080E090E00E94E05418
:1063300081E090DF25D62196C03727E1D20781F78B
:1063400024D60E944B471092C3061092C2061092A8
:10635000BC061092BD061092BE061092BF061092A7
:10636000B8061092B9061092BA061092BB061092A7
:10637000B4061092B5061092B6061092B7061092A7
:10638000B0061092B1061092B2061092B3061092A7
:10639000AC061092AD061092AE061092AF064EEF0C
:1063A0005FEF6FEF7FEF4093F4035093F50360933B
:1063B000F6037093F7031092AB06E7E9F6E028E0E6
:1063C000DF011D922A95E9F7109293061092940628
:1063D000109295061092960610928F0610929006D3
:1063E000109291061092920610928B0610928C06D3
:1063F00010928D0610928E061092870610928806D3
:106400001092890610928A06DF91CF91089510921A
:10641000CF061092D0061092D1061092D20610929A
:10642000CE068091D7069091D8069093CD068093A2
:10643000CC061092CB061092CA061092C606109295
:10644000C7061092C8061092C9061092D406109280
:10645000D30690E080E00895CF92DF92EF92FF9212
:106460000F931F93CF938C01019709F055C0209192
:10647000D7063091D8068091CC069091CD064091F8
:10648000D7065091D8065093CD064093CC062817D6
:10649000390781F01092CB061092CA061092C606F8
:1064A0001092C7061092C8061092C9061092D40620
:1064B0001092D3068091D7069091D806019761F586
:1064C0008091D3069091D406892B21F48091F80312
:1064D000811112C08091D3069091D4060197E1F406
:1064E0008091C6069091C706A091C806B091C906D2
:1064F0000197A105B10581F41092C6061092C70656
:106500001092C8061092C9061092F80382E090E03B
:106510009093D4068093D3068091D7069091D806A5
:10652000019709F01CC18091ED069091EE0680174D
:10653000910709F014C18091E9069091EA06A091B3
:10654000EB06B091EC06009709F409C12091E8062A
:1065500021110DC04091E9065091EA066091EB06C9
:106560007091EC06452B462B472B09F4F8C020917F
:10657000D3063091D4062230310509F0F0C02091C5
:10658000CA062111ECC0FC01C080D180E280F380FA
:106590008091CE06882309F4D3C08091DA069091C9
:1065A000DB06892B09F4FEC02091DA063091DB0668
:1065B00081E02230310509F080E02091DA06309147
:1065C000DB06C1E02130310549F02091DA06309137
:1065D000DB06C1E02230310509F0C0E0882309F470
:1065E00056C02091E4063091E5064091E6065091B0
:1065F000E706C701B6010E94535287FD14C02091DF
:10660000E4063091E5064091E6065091E706609178
:10661000CF067091D0068091D1069091D2060E944B
:10662000275087FD22C02091E4063091E506409175
:10663000E6065091E706C701B6010E9453521816AC
:1066400034F52091E4063091E5064091E60650913C
:10665000E7066091CF067091D0068091D1069091A7
:10666000D2060E942750811112C08091DC069091C1
:10667000DD06A091DE06B091DF06892B8A2B8B2BDD
:1066800019F481E08093CB0681E08093CA06CC2385
:1066900009F456C02091E4063091E5064091E606E3
:1066A0005091E706C701B6010E94275087FF14C02A
:1066B0002091E4063091E5064091E6065091E70608
:1066C0006091CF067091D0068091D1069091D2064C
:1066D0000E94535287FF22C02091E4063091E506C4
:1066E0004091E6065091E706C701B6010E94275087
:1066F000811126C02091E4063091E5064091E6061E
:106700005091E7066091CF067091D0068091D10636
:106710009091D2060E945352181694F48091DC0690
:106720009091DD06A091DE06B091DF06892B8A2BC1
:106730008B2B19F481E08093CB0681E08093CA060D
:1067400081E09091CA06911180E08093CE06C092BC
:10675000CF06D092D006E092D106F092D206013058
:10676000110509F067C18091D3069091D406892B59
:10677000D9F41092D9061092CA068091F8038823A2
:1067800079F082E090E09093D4068093D306109243
:10679000F8032091D7063091D80681E0232BE9F049
:1067A00080E01BC081E009CF1092F8038091D906E8
:1067B000882349F01092CB061092D4061092D3068B
:1067C0001092D906EDCF8091D7069091D806892BEB
:1067D000E1F08091CA061092CA062091D30630914A
:1067E000D4062230310509F45EC088F42115310544
:1067F00009F448C02130310509F4F3C01092CB06EA
:106800001092CA061092D90638C081E0E6CF233034
:10681000310509F4B1C02430310581F74091C60635
:106820005091C7066091C8067091C906411551057F
:106830006105710561F04150510961097109409389
:10684000C6065093C7066093C8067093C906409168
:10685000C6065091C7066091C8067091C906452BBF
:10686000462B472BD9F42091D5063091D6062130FE
:10687000310509F046C01092CB061092D406109252
:10688000D3060CC08091F803882341F082E090E0A9
:106890009093D4068093D3061092F8031092C40606
:1068A0008091CB06CEC08823C9F38091DC069091FD
:1068B000DD06A091DE06B091DF06181619061A064D
:1068C0001B060CF07DC08091D7069091D8060197E9
:1068D00009F076C08091DC069091DD06A091DE067D
:1068E000B091DF068093C6069093C706A093C806B2
:1068F000B093C90683E090E09093D4068093D306CA
:10690000CDCF4091E0065091E1066091E206709192
:10691000E306452B462B472BA9F01092CB0680911E
:10692000E0069091E106A091E206B091E306809323
:10693000C6069093C706A093C806B093C90681E027
:1069400090E0DACF882399F08091F9039091FA03CF
:10695000A091FB03B091FC038093C6069093C706F9
:10696000A093C806B093C90684E090E0C5CF10920A
:10697000CB0682E090E0C0CF8091C6069091C7061A
:10698000A091C806B091C9060097A105B10559F0BC
:106990000197A109B1098093C6069093C706A093F9
:1069A000C806B093C9068091C6069091C706A0910B
:1069B000C806B091C906892B8A2B8B2B09F06ECFA4
:1069C0008091F9039091FA03A091FB03B091FC032D
:1069D000892B8A2B8B2B09F44ECF81E08093CB0639
:1069E000B3CF4091C6065091C7066091C80670911A
:1069F000C906411551056105710561F04150510904
:106A0000610971094093C6065093C7066093C80692
:106A10007093C9064091C6065091C7066091C8069A
:106A20007091C906452B462B472B09F037CF8111B2
:106A3000C7CF9FCF8091C406882309F431CF8091BE
:106A4000C506CF911F910F91FF90EF90DF90CF90EF
:106A500008951092CF061092D0061092D10610928F
:106A6000D2061092CE061092D4061092D30610923F
:106A7000CD061092CC061092EE061092ED06109202
:106A8000CB061092CA061092C6061092C706109244
:106A9000C8061092C9061092C5061092C40610923C
:106AA000E9061092EA061092EB061092EC0610929C
:106AB000E8061092E4061092E5061092E60610929F
:106AC000E70688EE93E0A0E0B0E08093F9039093AE
:106AD000FA03A093FB03B093FC031092E00610921C
:106AE000E1061092E2061092E3061092DC06109284
:106AF000DD061092DE061092DF061092DB06109281
:106B0000DA0681E08093F8031092D9061092D80635
:106B10001092D7061092D6061092D50690E080E02B
:106B200008958091D7069091D806892BE1F4809141
:106B3000F803882351F08091D906811106C081E0C5
:106B40008093C5068093C40608958091D906882352
:106B500041F08091F803811104C01092C50681E0D4
:106B6000F1CF1092C406089582E090E0FA0191837B
:106B700080838FEF9FEF0895CF93DF93EA01009713
:106B800011F00E9465481982188290E080E0DF9140
:106B9000CF910895DB01009719F48FEF8C9308953E
:106BA0002EEF2C93FC017096E031F10508F037C010
:106BB0008827E252FA4C8F4F0C94FC5A0D360B3654
:106BC0000936073605360336FF350136FD35FB3508
:106BD000F935F635F235EE35F4350F3680E311969A
:106BE0008C93089589E2FBCF82E2F9CF11961C9233
:106BF000089583E2F4CF81E2F2CF81E1F0CF87E222
:106C0000EECF8AE2ECCF80E1EACF84E2E8CF88E2FF
:106C1000E6CF86E2E4CF81E3E2CF83E3E0CF80E218
:106C2000DECF8091FB069091FC0608959093FC06C0
:106C30008093FB0608958091FA0608959091FA06D4
:106C4000892B8093FA060895982F90958091FA06E3
:106C500089238093FA0608958091F906089580911A
:106C6000F7069091F80608956115710559F0FB013A
:106C700030E020E070E060E02417350719F061157E
:106C8000710511F0CB010895A081B181A817B90752
:106C900009F4BF012F5F3F4F3696EECF8091FD067E
:106CA00081111CC060D266D29093F0068093EF06EB
:106CB0000E9467400E9479409093F4068093F30607
:106CC0000E94F8440E94FF449093F2068093F106DC
:106CD00081E08093FD0690E080E0089584EF9FEFCF
:106CE00008958F929F92AF92BF92CF92DF92EF92D0
:106CF000FF920F931F93CF93DF9300D000D000D06B
:106D00001F92CDB7DEB71A86198618861F821E829B
:106D10001D821C821B821A8219828091FD0607EF58
:106D20001FEF882309F49CC08E010D5F1F4F9E0149
:106D30002B5F3F4FAE01495F5F4FBE01675F7F4FE3
:106D400090E080E00E947C468C01009721F005963F
:106D5000029708F0DBC029853A852115310509F431
:106D600002C1ED80FE804B815C81B701640F751F0D
:106D70008F8198858617970708F4F5C0E20EF31EF9
:106D8000D7019C91903C09F07FC04230510508F436
:106D90007BC011968C914091FB065091FC06452BCF
:106DA00009F49CC0913F08F071C02CE1290F2D30EF
:106DB00008F48BC02DE2290F203108F489C0903CE3
:106DC00021F48150823008F483C088E3890F8B302E
:106DD00008F481C09AECC92E95E3D92EE4EBF5E3D3
:106DE0006D817E81AE014F5F5F4F89859A851995D0
:106DF0005C01C114D104A1F189809A8081149104AD
:106E000079F18B819C818815990508F487C010E081
:106E100000E04B815C8170E060E0C7010E94265B6E
:106E200001151105E9F449815A8169857A858D81B9
:106E30009E81680F791FC501F6011995E980FA80D6
:106E40000D811E812F81388549855A856FEF7FEF2F
:106E500081E090E00E9417468C01892B09F056C012
:106E6000C8012A960FB6F894DEBF0FBECDBFDF91E2
:106E7000CF911F910F91FF90EF90DF90CF90BF9037
:106E8000AF909F908F90089580E085CF30E020E014
:106E9000220F331FF901E151F94F0190F081E02DEC
:106EA000309709F497CF892F90E01995009709F44E
:106EB00091CFDC011296ED91FC9113971496CD9031
:106EC000DC90309709F08CCF1FC021E030E0E0CF9C
:106ED00022E030E0DDCF23E030E0DACFD12CC12C4E
:106EE000ECEBF5E39F3F09F07BCFE091EF06F091EB
:106EF000F006309721F4C90104EF1FEF0CC08FEFAB
:106F000090E019950097A9F604EF1FEF89859A85FF
:106F1000009709F4A5CF0E946548A2CF0E9446477A
:106F20008C0189859A850E94654870E060E0C40103
:106F30000E94DF4698878F830E9414469E838D832C
:106F40006F8178856115710559F0C8010E94C449A7
:106F50009A87898706EF1FEF892B09F058CF59CF01
:106F600008EF1FEF56CF08EF1FEFD0CF2091FD069F
:106F7000222319F020E00C947E4087EF9FEF0895C4
:106F80008091FB069091FC0608950E9404450E94A2
:106F90005E44F5D0EFEEF6E088E0DF011D928A95C1
:106FA000E9F71092FD0690E080E008950C94BB4252
:106FB00021E040E050E0BA010C947E4086E090E091
:106FC000FA019183808390E080E0089547E050E0EB
:106FD00063E674E049CEDF92EF92FF920F931F9326
:106FE000CF93DF938A01EC01C60FD71FE090010712
:106FF000F0900207D9800E942E47D816190678F023
:1070000082E090E0F801918380838EEF9FEFDF9123
:10701000CF911F910F91FF90EF90DF900895EF288F
:1070200041F482E090E0F8019183808384EF9FEF48
:10703000EECF89818093000790E00196F80191835B
:10704000808390E080E0E3CFCF93DF93EA010E945A
:107050006C43882321F00E943B470E946D4382E0ED
:1070600090E0998388838BEF9FEFDF91CF91089514
:10707000CF93DF93EB0186E0FB0111928A95E9F74C
:107080008FEF8883D8DD8983E7DD8A83E8DD9D8300
:107090008C83DF91CF910895CF93DF93EA010E9413
:1070A0006F43811109C082E090E09983888385EF66
:1070B0009FEFDF91CF91089590E080E0B7DD81E010
:1070C00090E09983888390E080E0F3CF0F931F9343
:1070D000CF93DF93EA018C01060F171F0E946F43C5
:1070E00081110BC082E090E09983888385EF9FEF48
:1070F000DF91CF911F910F910895F8018181823026
:1071000038F082E090E0998388838EEF9FEFF0CF94
:1071100081E090E08BDD88E090E09983888390E0C7
:1071200080E0E6CFCF93DF930097D1F4EB01FB0132
:10713000329686E0DF011D928A95E9F78FEF88830A
:1071400085E089831A820E942E478B830E942D47F7
:107150009D838C8381E08E838F83DF91CF9108950F
:10716000DF91CF9117CD86EE97E39093FF06809342
:10717000FE0608958091FE069091FF0608951092F4
:10718000FF061092FE060895809101079091020774
:107190000895411105C0611571058105910561F0E2
:1071A000609301077093020780930307909304078D
:1071B0004093050781E0089580E00895FF920F93C2
:1071C0001F93CF93DF938A01EC01C60FD71FF9807D
:1071D0000E942E47F816190668F082E090E0F80148
:1071E000918380838EEF9FEFDF91CF911F910F915D
:1071F000FF9008956C817D818E819F814B81C9DFD5
:10720000811108C082E090E0F8019183808384EFCF
:107210009FEFEACF89818093000790E00196F80103
:107220009183808390E080E0DFCFCF93DF93EA010A
:10723000FC01E60FF71F6481758186819781438188
:10724000A8DF811109C082E090E09983888384EFF0
:107250009FEFDF91CF91089581E090E0998388833B
:1072600090E080E0F6CFE1E0F7E04081518162817B
:107270007381480F511D611D711D408351836283CD
:1072800073830895CF93C09100074C2F50E0609115
:1072900001077091020701960E941D5B8C2FE3DFAE
:1072A00010920007CF910895009799F480910107FB
:1072B000909102072FEFFB012083892B59F0209139
:1072C000000730E02F5F3F4F2417350719F4CB013B
:1072D000D9CF60CC0895009799F4809101079091DF
:1072E00002072FEFFB012083892B59F02091000723
:1072F00030E02F5F3F4F2417350719F4CB01C2CF81
:1073000049CC089523E1AC01249FC001259F900D35
:107310001124E0910A07F0910B07E80FF91F238170
:1073200034812250310981E02230310508F080E0BB
:1073300008950F931F93CF93DF9300910C07109143
:107340000D07D0E0C0E080E00C171D0749F491E084
:10735000811190E0892FDF91CF911F910F910895B6
:107360008111F5CFCE01CEDF2196EECFA0910A0795
:10737000B0910B07109729F120910C0730910D0760
:1073800082179307F0F453E1589F9001599F300DF5
:107390001124A20FB31FED91FC911197309789F042
:1073A00012968C91681768F48DE0689FE00DF11DCE
:1073B000112480819181892B21F081E092814917EC
:1073C00008F080E008959C0143E1429FC001439F83
:1073D000900D1124E0910A07F0910B07E80FF91FB7
:1073E0008385823099F481E090E0658176814091D7
:1073F000FD035091FE036417750711F490E080E0DF
:10740000892B21F081E02230310508F080E00895D9
:10741000FC01A081B1818DE0689FA00DB11D1124F8
:1074200013964D915C9185859685489F9001499F63
:10743000300D589F300D1124C9010196611103C010
:10744000478144FD04960895EF92FF920F931F9396
:10745000CF93DF93EA01FC01E60FF71F028113814E
:10746000E480F5804F2D6E2DC80180DF81110DC0A5
:1074700082E090E0998388838EEF9FEFDF91CF9138
:107480001F910F91FF90EF900895C8013BDF882373
:1074900039F082E090E09983888388EF9FEFEECF08
:1074A0001093040400930304E0920504F092060490
:1074B00081E090E09983888390E080E0DFCFCF92F5
:1074C000DF92EF92FF920F931F93CF93DF937A0196
:1074D000EC01C60FD71FC0900304D09004040091A4
:1074E000050410910604412F602FC6013FDF811172
:1074F00010C082E090E0F701918380838AEF9FEFD4
:10750000DF91CF911F910F91FF90EF90DF90CF907F
:107510000895C601F7DE882341F082E090E0F7018C
:107520009183808388EF9FEFEBCF4C815D816E81EB
:107530007F819A8189818F3F41F082E090E0F7015D
:10754000918380838EEF9FEFDBCFE3E1EC9D900191
:10755000ED9D300D1124E0910A07F0910B07E20F29
:10756000F31F0190F081E02D2DE0029FE00DF11D51
:1075700011240190F081E02D27E0129FE00DF11D14
:107580001124808391838B81828343835483658319
:1075900076831F5F1093060481E090E0F7019183EA
:1075A000808390E080E0ACCFEF92FF920F931F9327
:1075B000CF93DF937A018C01060F171FC0910A0742
:1075C000D0910B07209781F021E030E0F801828113
:1075D000938140910C0750910D078417950710F087
:1075E00030E020E0232B71F482E090E0F7019183FA
:1075F00080838EEF9FEFDF91CF911F910F91FF90CE
:10760000EF90089543E1489F9001499F300D112468
:10761000C20FD31F77DE882341F082E090E0F701AC
:107620009183808388EF9FEFE6CFF8012481358135
:1076300020383105C8F687818111D6CF4181842F4A
:1076400090E08F7E009741F082E090E0F701918317
:10765000808386EF9FEFCFCF4F833E832D8326819C
:1076600028871986223010F421E0288721E030E0B5
:10767000F70131832083BFCF88E090E0FA01918346
:10768000808390E080E00895FB018FEF808381E1AB
:1076900081838FEF9FEF9383828380E890E09583CF
:1076A0008483168217820895FB018FEF808391E017
:1076B000918382839383848384E3858381E090E054
:1076C00097838683089582E090E0FA019183808316
:1076D00080EF9FEF0895BF92CF92DF92EF92FF92DB
:1076E0000F931F93CF93DF93DA01FC01E60FF71F8F
:1076F0008181813081F082E090E08D939C938FEFC7
:107700009FEFDF91CF911F910F91FF90EF90DF904E
:10771000CF90BF900895C281D381B48085810681C6
:107720001781E0900A07F0900B07E114F10439F497
:1077300082E090E08D939C938CEF9FEFE2CF2091BD
:107740000C0730910D07C217D30738F082E090E0A4
:107750008D939C938EEF9FEFD4CFC230D10538F03C
:1077600082E090E08D939C9386EF9FEFCACF9B2D94
:107770009D7FB1F78130A1F7B11005C0013011052F
:1077800031F080E004C081E002301105D0F388239D
:1077900039F36D01CE01B6DD882341F082E090E03F
:1077A000F6019183808388EF9FEFABCF83E18C9FBD
:1077B000F0018D9FF00D1124EE0DFF1DB38681E0C9
:1077C000848716870587108A178681E090E0F60186
:1077D0009183808390E080E094CF4DE050E06DE8AD
:1077E00074E042CA8F929F92BF92CF92DF92EF9243
:1077F000FF920F931F93CF93DF93EA01FC01E60FF3
:10780000F71F828193810481B580E0910A07F0918E
:107810000B07309791F482E090E0998388838CEF96
:107820009FEFDF91CF911F910F91FF90EF90DF902D
:10783000CF90BF909F908F90089520910C0730912A
:107840000D078217930738F082E090E099838883D0
:107850008EEF9FEFE6CF23E1289F6001299FD00C98
:107860001124EC0DFD1DE080F180E114F10499F28A
:107870008281081748F78DE0089F80011124E00EEF
:10788000F11EF70180819181892B29F6BB20E1F25D
:10789000F7E0BF9E40011124C4010E942C48F7016B
:1078A00091838083E0910A07F0910B07EC0DFD1D99
:1078B0000190F081E02DE00FF11F80819181009710
:1078C00039F482E090E0998388838DEF9FEFA9CF10
:1078D000A40170E060E00E94265B80910A0790910D
:1078E0000B07C80ED91EF60180819181080F191F60
:1078F000F801B28281E090E09983888390E080E093
:1079000090CFAF92BF92CF92DF92FF920F931F93CF
:10791000CF93DF93EA01FC01E60FF71F8281938189
:10792000F48000910A0710910B070115110581F4ED
:1079300082E090E0998388838CEF9FEFDF91CF9175
:107940001F910F91FF90DF90CF90BF90AF9008955F
:1079500020910C0730910D078217930738F082E0D1
:1079600090E0998388838EEF9FEFE8CF2FEF2F0D64
:107970002C3FA8F723E1289F6001299FD00C1124F8
:107980000C0D1D1DF80180819181892B89F6FDE088
:10799000FF9E50011124C5010E942C48F8019183DB
:1079A0008083E0910A07F0910B07EC0DFD1D8081AB
:1079B0009181009739F482E090E0998388838DEF7C
:1079C0009FEFBCCFA50170E060E00E94265BE091D4
:1079D0000A07F0910B07EC0DFD1DF28281E090E0AB
:1079E0009983888390E080E0A9CFCF92DF92EF92D5
:1079F000FF920F931F93CF93DF93860F971FFC0186
:107A00000281138180910A0790910B07892B81F0E5
:107A100082E090E0FA01918380838CEF9FEFDF9109
:107A2000CF911F910F91FF90EF90DF90CF9008952D
:107A3000C801B0E0A0E00197A109B1098F3F9F4FB5
:107A4000A105B10540F082E090E0FA0191838083C6
:107A50008EEF9FEFE4CF7A0183E1809F6001819FE9
:107A6000D00C1124C6010E942C48EC01009741F46F
:107A700082E090E0F701918380838DEF9FEFCFCF7D
:107A8000A60170E060E00E94265BD0930B07C093D4
:107A90000A0710930D0700930C0790E080E02FEF8A
:107AA0003FEF41E061E070E08017910741F481E031
:107AB00090E0F7019183808390E080E0B0CF3A8B33
:107AC000298B1B864C877E876D87188A1F860196B7
:107AD0006396EACFEF92FF921F93CF93DF93EC016F
:107AE00010E0F12CE12C6A811617B0F083E0689F5A
:107AF000B0011124AE014F5E5F4FC7010E94914853
:107B0000009721F02FEF3FEF3A8B298BDF91CF9138
:107B10001F91FF90EF900895612FCE0179DC61E015
:107B200070E00E94DF46E816F90608F47C011F5F4A
:107B3000DACFF894209108073091090781E02115E8
:107B4000310509F080E0232B09F0789408952F92F5
:107B50003F924F925F926F927F928F929F92AF92DD
:107B6000BF92CF92DF92EF92FF920F931F93CF932A
:107B7000DF933C01660E771EF301828193814C01F5
:107B8000B12CA12CC0910A07D0910B07209769F066
:107B900021E030E060910C0770910D078617970780
:107BA00010F030E020E0232BD1F482E090E0FA01E5
:107BB000918380838EEF9FEFDF91CF911F910F9183
:107BC000FF90EF90DF90CF90BF90AF909F908F90FD
:107BD0007F906F905F904F903F902F90089580928C
:107BE000070490920804A0920904B0920A0463E189
:107BF000689F9001699F300D1124C20FD31FF301BC
:107C00008181833040F082E090E0FA0191838083AB
:107C100086EF9FEFD1CF2A012B813C81232BF1F4FA
:107C2000288139819F8191FF2EC0232B09F46FC0D9
:107C300020910F079A81422F490F5527551FBA01EE
:107C400041E050E06138710514F050E040E0452B10
:107C500009F45DC02A87920F90930F0781508230FC
:107C600008F481C066DF882309F4DAC0F30181815A
:107C7000813009F48DC008F47BC0823009F4C8C09B
:107C800090E080E0ADC0232B09F441C020910E07A5
:107C90009A81E22FE90FFF27FF1F41E050E0ED3FFF
:107CA000F10514F050E040E0452B89F12A87920F4E
:107CB00090930E07D3CFA081B181A20FB31F11966D
:107CC0006C91060F111D0196295F3F4F8417950790
:107CD00094F38D859E85089F1001099F300C189F95
:107CE000300C1124C114D104D1F48F8184FF17C04A
:107CF0000E942D47F5E02F0E311C21E082159305DF
:107D000008F420E0A701435F5F4F21110EC082E01D
:107D100090E0F2019183808387EF9FEF4DCF0E9427
:107D20002D472FEF221A320AE8CF88819981E80E79
:107D3000F91EF70114830383FFEFCF1ADF0A7A01DC
:107D40008A818C151D0409F00CF48CCFE881F9812F
:107D5000EE0DFF1D428150E030E020E010E000E039
:107D600090E080E0B3CFF12CE12CD12CC12CE8CFF6
:107D700081E090E09C838B83DCDA882309F480CF58
:107D800081E090E00E94163680E40E94243678CF8D
:107D900089899A89019661F083E090E09C838B83C6
:107DA00082E090E00E94163680E40E941E3668CF82
:107DB0008D819E812091FD033091FE0382179307F0
:107DC000D1F46091010470910204AE014F5E5F4FE7
:107DD0008091FF03909100040E9483490097E1F293
:107DE000789422E030E0F20131832083892BA9F0DE
:107DF0008DEF9FEFE1CE22E082169104A104B10441
:107E00005CF6039748F6CE0165DE188A1F86E6CF3A
:107E100082E090E09C838B8333CF90E080E0CCCEF7
:107E200082E090E0F2019183808385EF9FEFC4CEE2
:107E30008F929F92AF92BF92CF92DF92EF92FF927A
:107E40000F931F93CF93DF93EA018C01060F171F47
:107E5000F8018181833098F082E090E099838883F3
:107E600086EF9FEFDF91CF911F910F91FF90EF90E1
:107E7000DF90CF90BF90AF909F908F9008958091AA
:107E80000A0790910B07892B61F081E090E0209127
:107E90000C0730910D07232B11F490E080E0892B23
:107EA00039F482E090E0998388838EEF9FEFDACFF8
:107EB00040DE882309F4E1C0F8018181813009F4B2
:107EC00097C0E8F0823099F420910C0730910D07AB
:107ED000E0910A07F0910B0790E080E041E050E06C
:107EE0002817390709F0BFC024DA811117C0789428
:107EF00081E090E09983888390E080E0B3CF209187
:107F00000C0730910D07E0910A07F0910B0790E004
:107F100080E041E050E02817390741F481E090E02B
:107F20000E94163680E40E942436E1CF638174817A
:107F3000672B11F05483438301967396ECCFE09145
:107F40000A07F0910B07E00FF11F238134812230E3
:107F50003105D9F4218932892F3F3F4FB1F4258172
:107F600036814091FD035091FE032417350761F5DA
:107F7000AF014F5E5F4F60910104709102048091E8
:107F8000FF03909100040E948349EFEFCE1ADE0AAE
:107F9000EE0AFE0A0D5E1F4F40910C0750910D072F
:107FA00070E060E0C416D506E606F7064CF50097CB
:107FB00031F27894892B09F49BCF82E090E0998389
:107FC00088838DEF9FEF4ECF42E0C416D104E104C9
:107FD000F104DCF623303105C0F6CF017BDDE09102
:107FE0000A07F0910B07E00FF11F108A1786CDCF1B
:107FF00010E000E090E080E0C12CD12C7601CCCFE5
:108000000097B9F610E000E0812C912C540183E038
:10801000E82EF12C1AC0E0910A07F0910B07E00F4F
:10802000F11F83819481029749F4F482E38282E014
:1080300090E00E94163680E40E941E36FFEF8F1AF1
:108040009F0AAF0ABF0A0D5E1F4F80910C079091E7
:108050000D07B0E0A0E088169906AA06BB06DCF280
:1080600090E080E0A6CF638174816230710511F4E5
:10807000548343830196739633CF82E090E09983D3
:10808000888385EF9FEFEECE0097B9F48FEFFB0169
:108090008083209107043091080443E1429FC0018E
:1080A000439F900D1124E0910A07F0910B07E80F10
:1080B000F91F8285FB01818308950C94CA3588E0FD
:1080C00090E0FA019183808390E080E0089510921F
:1080D000090710920807EAE0F7E086E0DF011D9249
:1080E0008A95E9F78DEE9BE3909307078093060747
:1080F0000895809106079091070708952F923F9267
:108100004F925F926F927F928F929F92AF92BF92A7
:10811000CF92DF92EF92FF920F931F93CF93DF9353
:10812000CDB7DEB72F970FB6F894DEBF0FBECDBF29
:10813000F894E0910807F09109073196F093090748
:10814000E0930807789440900A0750900B07411479
:10815000510409F40DC2E0910C07F0910D07EF2BCB
:1081600009F406C22D8749875A876B877C879887D1
:108170008F831201B12CA12C10E000E080910C073C
:1081800090910D07A816B90618F40115110529F1EB
:10819000F894809108079091090701979093090737
:1081A000809308077894C8012F960FB6F894DEBF25
:1081B0000FBECDBFDF91CF911F910F91FF90EF9038
:1081C000DF90CF90BF90AF909F908F907F906F90F7
:1081D0005F904F903F902F9008957101E418F5083B
:1081E000D10117968C91179781FD54C013968D91EC
:1081F0009C911497039709F04DC015968D919C9111
:10820000EF81F8858E179F0709F044C0B50190E013
:1082100080E081D48A8320910A0730910B073D8347
:108220002C833D85332309F44CC04C815D81452B63
:1082300009F49BC180910C0790910D07A816B9060F
:1082400008F093C1C501BFD88823E9F06C817D8116
:108250006E0D7F1D7D836C83DB011F968D919C913C
:10826000892B89F0D12CC12CF12CE12CAC81BD8162
:1082700012968C9112978E151F0409F094F4509663
:108280001C921E921F972A81222321F0B50190E0B3
:1082900080E043D43FEFA31AB30A43E1240E311C1C
:1082A0006DCFAC81BD81ED91FC91EC0DFD1D858103
:1082B00096810BD7BFEFEB1AFB0AEDE0CE0ED11C77
:1082C000D5CFEC81FD81309709F44FC180910C0727
:1082D00090910D07A816B90608F047C1EE0DFF1DD5
:1082E000FF87EE87C5016FD88B83882339F1AE8570
:1082F000BF851F968D919C915097019621E01D9608
:108300004D915C918417950709F020E02E83198226
:10831000712C10E000E0AE85BF8512968C91781626
:1083200008F45DC0EE85FF85878590890196658597
:1083300076850E94C65A908B8787A5CFB1E0BE8311
:10834000E6CF992493946BC087D6F60196838583F4
:1083500083C0D601ED90FC90B7E06B9EE00CF11C61
:108360001124F7016381748180818F3F61F121E0E5
:1083700030E002C0220F331F8A95E2F7C901092EAF
:10838000000CAA0BBB0BFB01408151816281738100
:1083900084239523A623B72321E0892B8A2B8B2BBB
:1083A00009F420E0D4012C93D70111968C91F601A9
:1083B00023853485820F932F911D880E991E148674
:1083C000138663949CC0418150E0C4010E941D5BF0
:1083D000EBCF998206EF1FEFC6C01982C4C0F981A6
:1083E000F111A0CFEDE07E9E70011124AE85BF8516
:1083F000CD90DC90CE0CDF1C17D49D838C83BB8189
:10840000BB2309F49ECF81E0EE85FF852785308967
:10841000232B09F080E0982E882309F459C0672D9A
:108420008E859F850E94083AD60118969C938E935C
:10843000179761E070E0C3D4EE85FF85218932890A
:108440002F3F320709F480CFBC01C9019DD7D60167
:1084500016969C938E931597D60115968D919C91A7
:108460001697009709F4B5CFEC81FD818E0F9F1F01
:108470001A969C938E931997AE85BF85ED91FC91CA
:108480001197EE0EFF1EF7012185328514861386A3
:108490001A968C91870DD9018D93711016C0EE85B7
:1084A000FF85878184FF11C049855A856B857C854E
:1084B000F9014183528363837483F7018385948533
:1084C0000496A80FB91F14861386F701B287A187F7
:1084D000D60115968D919C911697892B09F443C06E
:1084E000EE85FF85258136818091FD039091FE0305
:1084F0002817390779F019968D909C90612CD60138
:1085000012968C911297681608F423CF1A969C92B3
:108510008E921997BE81BB2309F45FCF61E070E0B2
:10852000F601878190854BD4D6011796ED90FC908B
:10853000189715964D915C91E1E0F0E0BA81BB236C
:1085400011F0F0E0E0E00C811D819C01B50188276D
:1085500099278E1B9F0B6BD38C01892B21F0F60181
:1085600085819681B2D57394D6CE0FEF1FEF8BCE57
:1085700010E000E00DCE2F923F924F925F926F92EB
:108580007F928F929F92AF92BF92CF92DF92EF92A3
:10859000FF920F931F93CF93DF9380910A079091DF
:1085A0000B0710E000E0892BA9F0C3DA0AEF1FEFF8
:1085B000882381F020900C0730900D07C0910A07A6
:1085C000D0910B07D12CC12C10E000E02C143D04FD
:1085D000A9F47894C801DF91CF911F910F91FF907A
:1085E000EF90DF90CF90BF90AF909F908F907F9053
:1085F0006F905F904F903F902F900895C6010E941A
:10860000E339882309F18B819C810397E9F48F85F5
:108610009889892BC9F0B60190E080E07CD221E0F6
:1086200030E0882311F030E020E044245524421A41
:10863000530AB12CA12C912C812C8A818815190404
:1086400009F038F4188A1F864FEFC41AD40A6396CB
:10865000BDCFE881F981EA0DFB1D85819681892BCB
:10866000A1F161E070E087819085A9D33C01DCD263
:108670008C01E881F981EA0DFB1D818592852581B8
:108680003681200F311FAC01421B530B9A014781E9
:108690005085421B530B70E060E00E94265BE8812E
:1086A000F981EA0DFB1DE780F08445815681930135
:1086B000B601C201BCD28C01892B39F0E881F98165
:1086C000EA0DFB1D8581968100D55FEF851A950A1D
:1086D0008DE0A80EB11CB1CF2CCA789408952F92CA
:1086E0003F924F925F926F927F929F92AF92BF9212
:1086F000CF92DF92EF92FF920F931F93CF93DF936E
:1087000000D000D0CDB7DEB700910A0710910B075B
:10871000992493940115110509F43EC0A0900C070B
:10872000B0900D0706DA982E8823B1F110920B074E
:1087300010920A0710920D0710920C0710920E0764
:1087400010920F078FEF9FEFDC0180930704909347
:108750000804A0930904B0930A04789480D31E837C
:108760000D83C12CD12C7601C501B0E0A0E0898336
:108770009A83AB83BC8322242A94322C89819A81E8
:10878000AB81BC81C816D906EA06FB06F4F0C80125
:108790009CD480E40E942436892D26960FB6F89446
:1087A000DEBF0FBECDBFDF91CF911F910F91FF9024
:1087B000EF90DF90CF90BF90AF909F907F906F90A1
:1087C0005F904F903F902F900895AD81BE81159698
:1087D0008D919C9116972091FD033091FE03821795
:1087E0009307D1F451968D919C91BCD5ED81FE817A
:1087F00080819181B12CA12C412C512C3201892BEB
:1088000091F5BFEFCB1ADB0AEB0AFB0AED81FE8183
:108810007396FE83ED83B2CFB2E0CB16D104E104B0
:10882000F10424F7039710F7ED81FE818189928985
:108830008F3F980709F011D5AD81BE8152963C92C9
:108840002E925197D3CF8A0D9B1DDC018D919C9167
:10885000009709F03AD4BFEF4B1A5B0A6B0A7B0A08
:10886000EDE0AE0EB11CAD81BE818D919C91119752
:1088700012964C9150E070E060E044165506660692
:1088800077060CF322D4BDCFCF93DF93EA0127DF25
:10889000811109C082E090E09983888385EF9FEF82
:1088A000DF91CF91089581E090E00E94163681E03B
:1088B00090E09983888390E080E0F2CF10DF1092FF
:1088C000070710920607089542E050E06BED74E050
:1088D0000C943436FF920F931F93CF93DF938A014A
:1088E000EC01C60FD71FF980B9D20897F816190600
:1088F00071F068F082E090E0F801918380838EEF60
:108900009FEFDF91CF911F910F91FF9008956C81A0
:108910007D818E819F814B810E94C938811108C061
:1089200082E090E0F8019183808384EF9FEFE9CFAC
:10893000F9800E94C4384F2D50E0BE01685F7F4F20
:108940000E941D5B89810E94333981E090E0F8012B
:108950009183808390E080E0D4CFDF92EF92FF920A
:108960000F931F93CF93DF938A01EC01C60FD71F9C
:108970000E94C4387C01D98071D2DD2059F0029761
:1089800021E030E0D816190619F010F030E020E0B0
:10899000232B79F482E090E0F801918380838EEFBD
:1089A0009FEFDF91CF911F910F91FF90EF90DF909C
:1089B0000895EF2841F482E090E0F80191838083EC
:1089C00084EF9FEFEECFF9800E94C4384F2D50E026
:1089D000BE016E5F7F4F0E941D5B89810E9433390B
:1089E00081E090E0F8019183808390E080E0D9CF2E
:1089F00084E694E490931107809310070895809182
:108A000010079091110708950895FC0111821082BA
:108A1000938382830895DB011D921C92DC011296E0
:108A2000ED91FC9113977183608313967C936E9301
:108A300012970895FC0180819181DB018D939C93B5
:108A4000A081B181109741F08D919C919183808399
:108A5000892B11F4F383E2830895FC0180819181D5
:108A6000DB018D939C93892B11F473836283718353
:108A700060830895FC01118210829383828308959C
:108A8000CF93DF931F921F92CDB7DEB71A82198260
:108A9000F894BE016F5F7F4F87E197E0CBDF89815C
:108AA0009A81009709F011D389819A81892B89F7DE
:108AB000BE016F5F7F4F8BE197E0BCDF89819A81B8
:108AC000009709F002D389819A81892B89F77894DC
:108AD0000F900F90DF91CF910895CF93DF931F9266
:108AE0001F92CDB7DEB71A821982F894BE016F5F6C
:108AF0007F4F83E197E09EDF89819A81009709F09B
:108B0000E4D289819A81892B89F778940F900F900C
:108B1000DF91CF91089581E0089590E080E008957D
:108B2000EF92FF920F931F93CF93DF931F921F92A9
:108B3000CDB7DEB71A8219828091120707EF1FEFB7
:108B40008823A1F1F894BE016F5F7F4F8BE197E01E
:108B500071DF789489819A81EE24E394F12C892B3A
:108B600051F4F894BE016F5F7F4F87E197E062DFB9
:108B70007894F12CE12C89819A810EEF1FEF0097F8
:108B8000A9F0FC014281538164E070E043D68C017E
:108B9000892B61F0F89469817A81C701880F991F48
:108BA000880F991F895E984F58DF7894C8010F90FD
:108BB0000F90DF91CF911F910F91FF90EF9008954B
:108BC0000F931F93CF93DF9300D01F92CDB7DEB7E3
:108BD0001C821B821A8219828091120707EF1FEFF5
:108BE0008823C1F0AE014D5F5F4F64E070E0CE01BD
:108BF000019683D68C01892B69F4E981FA818B81F6
:108C00009C8193838283F89469817A8183E197E0E0
:108C100002DF7894C8010F900F900F900F90DF91B2
:108C2000CF911F910F91089588D7049608958F9240
:108C30009F92AF92BF92CF92DF92EF92FF920F93EB
:108C40001F93CF93DF931F921F92CDB7DEB71A8287
:108C50001982BC016F5F7F4F6330710598F0AA24C1
:108C6000AA94BA2CC5010F900F90DF91CF911F915C
:108C70000F91FF90EF90DF90CF90BF90AF909F90BB
:108C80008F9008954115510551F3480159018A010A
:108C90006C01CADF8815990511F7E114F104F9F2A6
:108CA0008E0D9F1DA816B906D0F280911207882359
:108CB000F1F0F894B501645071099701AE014F5F6E
:108CC0005F4FC8010496AED65C01892B71F489818F
:108CD0009A81F80193838283C601880F991F880FB8
:108CE000991FB801895E984F96DE7894BBCF87EFC5
:108CF000A82EBB24BA94B6CFAF92BF92CF92DF9288
:108D0000EF92FF920F931F93CF93DF931F921F92C7
:108D1000CDB7DEB71A821982892B09F047C06115D9
:108D2000710509F443C04115510509F43FC02115EF
:108D3000310509F43BC001151105C1F180911207FD
:108D40008823B9F179016A015B01F894BE016F5F74
:108D50007F4F83E197E06EDE789489819A81009756
:108D600059F1DC0112966D917C91A801049673D69D
:108D70008C01E981FA81D501ED93FC938281938185
:108D80000496F601918380834FDFD7018D939C93E6
:108D9000C8010F900F90DF91CF911F910F91FF901D
:108DA000EF90DF90CF90BF90AF9008950FEF1FEF3F
:108DB000EFCF07EF1FEFECCF0EEF1FEFE9CFCF9311
:108DC000DF93EC01672B71F4C1D68C179D0760F01F
:108DD000B4D62496C80FD91FB3D68C0F9D1FDF9130
:108DE000CF910895B0D6F1CF90E080E0F8CF0F9307
:108DF0001F93CF93DF932091120721112BC08B017A
:108E0000EC0187E197E001DE8BE197E0FEDD83E195
:108E100097E0FBDD97D00097C1F498D670E060E052
:108E2000CEDF4BE054E062E070E07BD1009769F464
:108E300080910B0490910C049BD6B801CE01D0D444
:108E4000009719F421E020931207DF91CF911F9131
:108E50000F91089584EF9FEFF8CF75C677C6CF9333
:108E6000DF9377D6EC01892B11F40ADE36DECE01D2
:108E7000DF91CF910895CF93DF936BD6EC01892BCF
:108E800009F4FEDDCE01DF91CF91089580910B04AE
:108E900090910C040895CF93DF9380911207D0E056
:108EA000C0E08823D1F069D6EC01892BB1F4E8DD6C
:108EB00014DE80910B0490910C04CFD1B5D2EC015B
:108EC000892B59F487E197E0D5DD8BE197E0D2DD7E
:108ED00083E197E0CFDD10921207CE01DF91CF91B1
:108EE0000895EF92FF920F931F93CF93DF93EC01BE
:108EF0007A018B010F5F1F4F0E9DA0010F9D500D3A
:108F00001E9D500D112470E060E00E94265B90E0F1
:108F100080E0F0E0E0E02FEFE816F90639F4DF91A9
:108F2000CF911F910F91FF90EF9008951A821982AF
:108F30002883309711F0D283C1830196FE01C00FC0
:108F4000D11FEACFAF92BF92CF92DF92EF92FF9202
:108F50000F931F93CF93DF938BEC99E07C012CEF61
:108F6000E22243E050E06DE074E083E194E0E5D379
:108F70008DE0C82E84E0D82E93E1A92E94E0B92E7E
:108F8000C4EADAE08E01D6014D915D916D01F501E3
:108F9000619171915F01D8011196FC92EE92159644
:108FA0005C934E93149713965C934E931297179677
:108FB0007C936E9316979B012F5F3F4F249FC001B8
:108FC000259F900D349F900D112419969C938E939C
:108FD0001897E114F10411F0C70183DFF8018085CF
:108FE0009185E80EF91E065F1F4FF3E1CF16F4E0FE
:108FF000DF0649F6E1E2F7E087EA92E0DF019C0153
:109000001D9221503040E1F71092200710921F0767
:109010001F8E1E8E1BA21AA219A218A21DA21CA28C
:109020001FA21EA22A963AE0C23CD30789F71092EB
:10903000A10A1092A00A1092A30A1092A20A90E02C
:1090400080E0DF91CF911F910F91FF90EF90DF9023
:10905000CF90BF90AF9008950097F1F0F894A3E1FE
:10906000B4E0E4EAFAE030E020E04D915D91481789
:109070005907A8F0428153814115510581F08AE0DA
:10908000829FF001839FF00D1124EC55F54F8081F4
:109090009181009759F4789490E080E008952F5FD3
:1090A0003F4F3A962330310501F7F5CFDC01119699
:1090B0006D917C9171836083415051095383428348
:1090C000FC012193CF0178940895009749F1DC01C8
:1090D0008E91863041F4E091A20AF091A30A309774
:1090E000F9F0CD0119948630D8F4282F30E0F894A7
:1090F0008FEF8C938AE0829FF001839FF00D112403
:10910000EC55F54F8081918112969C938E93119727
:10911000B183A08382819381019693838283789423
:109120000895CF92DF92EF92FF920F931F93CF9308
:10913000DF939C0184E297E08C7F4115510509F48F
:1091400089C02115310509F485C06115710509F43F
:1091500081C08A01AB01B9016D5F7F4F6C7F9B01BC
:109160002F5F3F4F249F7001259FF00C349FF00C20
:109170001124F894E4EAFAE023E030E0E901A6A142
:10918000B7A1C68CD78CCD2809F058C0109709F02C
:109190003EC0C0901F07D090200724EA32E02C196F
:1091A0003D092E153F0530F47894CFEFDFEF86EFC1
:1091B0009FEF21C02AE02C9FF0012D9FF00D11247C
:1091C000EC55F54F918380835583448353834283C9
:1091D00077836683F186E086009709F082DEEC0CE7
:1091E000FD1CF0922007E0921F077894CF3FDC0728
:1091F000F1F290E080E0F801D183C083DF91CF915C
:109200001F910F91FF90EF90DF90CF900895AE15D2
:10921000BF05A0F02AE02C9FF0012D9FF00D112436
:10922000EC55F54F91838083558344835383428368
:10923000778366830097C9F254DED7CF8A0F9B1FCE
:109240002F5F3F4F3A962630310509F097CFCFEF89
:10925000DFEFCBCF8FEF9FEFD1CF9C010397039729
:1092600008F04EC0F89485E09AE0482F50E02417AB
:1092700035079CF191E08AE0829FF001839FF00D19
:109280001124EC55F54F118210821582148213823D
:109290001282178216829923E1F080911F07909124
:1092A0002007E4EAFAE0268D378D232B49F426A126
:1092B00037A12115310521F0821B930B17A216A2AD
:1092C0003A962AE0E23CF20771F7909320078093E8
:1092D0001F07789490E080E00895949FF001959F97
:1092E000F00D1124EC55F54F40815181452B31F49F
:1092F00040855185452B11F48150B7CF90E0BBCF0D
:109300008FEF9FEF08954115510549F1009739F10D
:109310006115710521F1F8942091A00A3091A10AFC
:10932000232BB9F42091A20A3091A30A232B89F4AC
:109330009093A10A8093A00A7093A30A6093A20A53
:10934000789426E030E090E080E0FA0131832083D9
:10935000089578942FEF3FEF86EF9FEFF6CF8FEFD2
:109360009FEF0895069769F4F8941092A10A10925D
:10937000A00A1092A30A1092A20A789490E080E0CA
:1093800008958FEF9FEF08956115710519F4F0E0CE
:10939000E0E011C08630910581F4E091A00AF091DF
:1093A000A10A3097A1F3CB0101961995009779F3A3
:1093B000FC0186E08193CF0108959C01235031097F
:1093C0002330310520F72AE0289FD001299FB00DD6
:1093D0001124AC55B54F2D913C911197232BB9F227
:1093E00016962D913C9117972617370780F2F8941F
:1093F00012962D913C9113972115310529F0ED918D
:10940000FC911197309711F47894C1CF418152812A
:1094100011965C934E932150310913963C932E93F1
:10942000129781937894C7CFE8ECF9E088EDDF01DB
:109430001D928A95E9F7E1E2F7E087EA92E0DF0121
:109440009C011D9221503040E1F7109220071092AC
:109450001F07E4EAFAE08CE3DF011D928A95E9F741
:10946000E0EAFAE084E0DF011D928A95E9F790E0F6
:1094700080E00895CF93DF93C0911904D0911A042E
:10948000CF3FDC0759F45FD490931A0480931904FA
:1094900097FF09C0D0931A04C093190484EF9FEF7B
:1094A000DF91CF91089590E080E0FACF823091056E
:1094B00028F48093E00A90E080E008958FEF9FEF1A
:1094C00008954F925F926F927F92AF92BF92CF9228
:1094D000DF92EF92FF920F931F93CF93DF931F9230
:1094E0001F92CDB7DEB71A821982009709F479C0AE
:1094F0006115710509F475C02091190430911A04A1
:1095000007EF1FEF2F3F3F4F09F445C06B015C0190
:10951000412C512C3201F12CE12C10E000E09E0195
:109520002F5F3F4FA6014E195F09B5016E0D7F1DDC
:109530008091190490911A046AD4892B09F04BC0C8
:1095400089819A81009741F4E114F10429F4209172
:10955000E00A222309F442C0E80EF91EEC14FD04CF
:10956000D0F480E8481684E858068EE16806710455
:1095700020F560E070E0CB010E94E0542AE0420E4A
:10958000511C611C711C0A3F4FEF140721F0043F6E
:109590008FEF1807A1F4C8010F900F90DF91CF91C2
:1095A0001F910F91FF90EF90DF90CF90BF90AF9001
:1095B0007F906F905F904F90089501EF1FEF81E0D3
:1095C00090E0013F2FEF120711F090E080E0892B2F
:1095D00009F4A5CFE0CF04EF1FEFDDCF0AEF1FEFB7
:1095E000DACF0FEF1FEFD7CF4F925F926F927F923C
:1095F000AF92BF92CF92DF92EF92FF920F931F93A1
:10960000CF93DF931F921F92CDB7DEB71A821982D4
:10961000009709F479C06115710509F475C02091AE
:10962000190430911A0407EF1FEF2F3F3F4F09F441
:1096300045C06B015C01412C512C3201F12CE12C15
:1096400010E000E09E012F5F3F4FA6014E195F0919
:10965000B5016E0D7F1D8091190490911A048AD373
:10966000892B09F04BC089819A81009741F4E1145C
:10967000F10429F42091E00A222309F442C0E80E03
:10968000F91EEC14FD04D0F480E4481682E4580678
:109690008FE06806710420F560E070E0CB010E9465
:1096A000E0542AE0420E511C611C711C0E3F4FEF2A
:1096B000140721F0043F8FEF1807A1F4C8010F90A1
:1096C0000F90DF91CF911F910F91FF90EF90DF905E
:1096D000CF90BF90AF907F906F905F904F90089524
:1096E00002EF1FEF81E090E0023F2FEF120711F031
:1096F00090E080E0892B09F4A5CFE0CF04EF1FEFC5
:10970000DDCF0EEF1FEFDACF0FEF1FEFD7CF809136
:10971000190490911A048F3F980749F00CD3892BB4
:1097200049F48FEF9FEF90931A048093190490E00F
:1097300080E0089584EF9FEF0895CF92DF92EF923B
:10974000FF920F931F93CF93DF9321E041155105B3
:1097500009F020E04150510921112CC0DC01FB012E
:10976000D12CC12C21E022C03FEFC31AD30A7D01C6
:109770000D911D91E701EA80FB80E016F106A8F447
:1097800020813181E280F380F182E0823383228381
:10979000ED90FC9011979D0122503109E901F98269
:1097A000E88211961C930E9320E03296C416D506DB
:1097B000D8F2D2CFDF91CF911F910F91FF90EF9010
:1097C000DF90CF900895FC01680F791F90E080E052
:1097D000E617F70709F408952191820F911DF8CF3C
:1097E0002091E10A211113C045DE009791F41092F7
:1097F000E70A1092E60A1092E50A1092E40A109223
:10980000E30A1092E20A21E02093E10A089584EF2E
:109810009FEF0895AF92BF92CF92DF92EF92FF92A7
:109820000F931F93CF93DF93009709F460C04630E6
:10983000510508F45CC02091E10AC7EFDFEF222355
:1098400009F449C08C01060F171FF801C080D180B0
:10985000C114D10409F44EC096012A5F3F4F42174C
:10986000530708F447C07C018091E60A9091E70A0B
:1098700093838283B6016C5F7F4F5801A60EB71E9B
:10988000C801A1DFF5019183808364E070E0C80125
:1098900018DEEC01892BF9F481E090E007DEB601D7
:1098A000C80104960EDEEC01892B91F462E070E0B1
:1098B000C50107DEEC01892B59F4C70106DC809154
:1098C000E60A9091E70A01969093E70A8093E60AE8
:1098D00090E080E0EBDDCE01DF91CF911F910F9101
:1098E000FF90EF90DF90CF90BF90AF900895CFEFB3
:1098F000DFEFF1CFC9EFDFEFEECF6F927F928F9264
:109900009F92AF92BF92CF92DF92EF92FF920F930E
:109910001F93CF93DF9300D01F92CDB7DEB7009790
:1099200009F47AC04115510509F476C02091E10A85
:1099300007EF1FEF222309F44DC03A017B015C01C0
:1099400064E070E0CE0101964FDE8C01892B09F0B6
:1099500041C009811A810115110509F45AC0480155
:1099600086E0880E911CB701680D791D80911B045B
:1099700090911C0409DD6C01009709F450C0A70107
:1099800070E060E00E94265B89819A81AB81BC8196
:10999000EC0CFD1CF70181939193A193B1937F018E
:1099A00081E090E083DDB801C7011EDE892B31F52F
:1099B00062E070E0C701800F911F16DE8C01892BD9
:1099C000E9F490E080E072DDF501D182C082F3011C
:1099D00091828082C8010F900F900F900F90DF91BD
:1099E000CF911F910F91FF90EF90DF90CF90BF909C
:1099F000AF909F908F907F906F90089590E080E05F
:109A000055DDF50111821082F30111821082C60129
:109A10005CDB09EF1FEFDECF0FEF1FEFDBCF06EFB1
:109A20001FEFD8CF0097A1F04115510589F02115FE
:109A3000310571F0F90136966E177F0748F0DC01A9
:109A40002D933C93DA01ED93FC9390E080E0089530
:109A50008FEF9FEF0895AF92BF92CF92DF92EF9278
:109A6000FF920F931F93CF93DF93009709F45FC08A
:109A70004115510509F45BC06530710508F457C004
:109A80002091E10AC7EFDFEF222391F1DC01CD90B5
:109A9000DC9011971296ED91FC9196012A5F3F4F51
:109AA000C9EFDFEF2617370719F5C091E20AD09109
:109AB000E30A209749F521E030E03093E30A209350
:109AC000E20A7A018C01F093E50AE093E40A560178
:109AD000B4E0AB0EB11CB50176DE0A0D1B1DF8011A
:109AE000208131818217930729F5D701CD92DC922D
:109AF000CE01DF91CF911F910F91FF90EF90DF90FA
:109B0000CF90BF90AF9008952091E40A3091E50A7C
:109B10002F5F3F4FCCEFDFEFE217F30790F2CBEF71
:109B2000DFEF2E173F0768F2D0E0C0E0CACFCFEFDB
:109B3000DFEFDECFC3EFDFEFDBCF84E090E008950F
:109B400082E090E008958CEF9FEF089580E290E02E
:109B500008951092E70A1092E60A1092E50A109210
:109B6000E40A1092E30A1092E20A90E080E008957D
:109B700090931C0480931B0408958091E10A88232C
:109B800091F0C5DD009789F41092E70A1092E60A79
:109B90001092E50A1092E40A1092E30A1092E20A87
:109BA0001092E10A089590E080E00895009749F04E
:109BB0006115710531F0FC0111821082FB011182E7
:109BC00010820895F3CF089526E030E040E855E292
:109BD00060E070E090E080E000C01092E90A10922E
:109BE000E80A8930910508F03BC0FC018827E45061
:109BF000F24B8F4F0C94FC5A054E0F4E184E214ECF
:109C00002A4E314E344E374E3D4E81E090E09093D7
:109C1000E90A8093E80A8FEF9AE00C94085882E0F2
:109C200090E09093E90A8093E80A8CE99BE0F5CFF5
:109C300084E090E09093E90A8093E80A89E39CE04D
:109C4000ECCF88E090E09093E90A8093E80A86EDF3
:109C50009CE0E3CF80E190E09093E90A8093E80AEA
:109C6000089580E290E0F8CF80E490E0F5CF80E8BE
:109C700090E09093E90A8093E80A8091E80A909135
:109C8000E90A9160E9CF089580E00895CF92DF92CC
:109C9000EF92FF920F931F936ED66093EA0A709330
:109CA000EB0A8093EC0A9093ED0A0091EE0A109172
:109CB000EF0A2091F00A3091F10A6B017C01C01A81
:109CC000D10AE20AF30A9701860100311742210501
:109CD000310508F16093EE0A7093EF0A8093F00A61
:109CE0009093F10AA8D047D60091EE0A1091EF0A9E
:109CF0002091F00A3091F10A601B710B820B930BDB
:109D0000603177428105910570F081E090E0909399
:109D1000F50A8093F40A81E01F910F91FF90EF9074
:109D2000DF90CF9008951092F50A1092F40AF3CFC5
:109D30001092F20A089568EE73E080E090E040D659
:109D400090E080E0089526E030E040E050E16EE0F1
:109D500070E090E080E041DF8FEF9AE00E943E5794
:109D6000892B29F08FEF9AE00E945857F5CF90E0A9
:109D700080E00895CF92DF92EF92FF920F931F93AE
:109D8000CF93DF936B017A01E901198218828FEF7B
:109D90009AE00E943E57892B79F18601CC24C39426
:109DA00082E0D82E8091F20A811111C08FEF9AE0E3
:109DB0000E9458570297B1F7C092F20AF801D19267
:109DC0008F0188819981019699838883EBCF88815F
:109DD00099818E159F0580F48FEF9AE00E94585765
:109DE0008F3F9807A1F3F80181938F0188819981B2
:109DF000019699838883EBCF90E080E0DF91CF914B
:109E00001F910F91FF90EF90DF90CF9008950F93E7
:109E10001F93CF93DF93EA0189018FEF9AE00E94AD
:109E2000985AF801D183C08390E080E0DF91CF9110
:109E30001F910F9108958091F30A91E0980F9093EC
:109E4000F30A882349F021E030E03093F50A2093AB
:109E5000F40A8093F30A08950E945E078091F30A42
:109E60008150F7CF0F931F93CF93DF93109233124C
:109E700010923212DBD5A8DEC0916104D091620449
:109E8000198218826FEF7FEFCB010E94960570E078
:109E900060E090E080E00E940C04009709F041C06F
:109EA0000E941927F89478948A819B81BC01685F8D
:109EB0007F4F0E940F04892B71F46FEF7FEFCB016E
:109EC0000E94A5040E949005882329F081E0FE01EC
:109ED000E054FF4F8083F894D6DE0E9493058823D8
:109EE00011F080E00BC00E9490058111FACF81E053
:109EF000FE01E054FF4F90819111F3CF8093321215
:109F00000E9411368C017894C054DF4F8091321238
:109F100081110CC00E94B12C0E947405F89490E04D
:109F200080E0DF91CF911F910F9108950E947105FC
:109F30000E9493058823E1F081E080933312909191
:109F4000331281E0911180E08093321280913312BC
:109F500081119ADE0130110529F40E941136892BF6
:109F600009F4E6DE0E9411368C0190DE2CDECECFA5
:109F70000E9490058111E0CF81E098819111DDCFA1
:109F800080E0DBCF5058BB27AA270ED02AC2F3D1DE
:109F900030F0F8D120F031F49F3F11F41EF4E8C105
:109FA0000EF4E095E7FBB5C1E92F3DD280F3BA1777
:109FB000620773078407950718F071F49EF56CC269
:109FC0000EF4E0950B2EBA2FA02D0B01B9019001D4
:109FD0000C01CA01A0011124FF27591B99F0593F18
:109FE00050F4503E68F11A16F040A22F232F342F60
:109FF0004427585FF3CF469537952795A795F040AE
:10A000005395C9F77EF41F16BA0B620B730B840BC2
:10A01000BAF09150A1F0FF0FBB1F661F771F881F7A
:10A02000C2F70EC0BA0F621F731F841F48F48795D2
:10A0300077956795B795F7959E3F08F0B3CF9395C1
:10A04000880F08F09927EE0F9795879508953DD1D1
:10A0500008F481E008959ED1E395D4C10CD0C1C12C
:10A0600091D140F088D130F021F45F3F19F051C117
:10A07000511113C27DC1D7D198F39923C9F3552348
:10A08000B1F3951B550BBB27AA27621773078407EB
:10A0900038F09F5F5F4F220F331F441FAA1FA9F3A1
:10A0A00033D00E2E3AF0E0E830D091505040E69593
:10A0B000001CCAF729D0FE2F27D0660F771F881FF4
:10A0C000BB1F261737074807AB07B0E809F0BB0BE3
:10A0D000802DBF01FF2793585F4F2AF09E3F510507
:10A0E00068F017C1DAC15F3FECF3983EDCF3869568
:10A0F00077956795B795F7959F5FC9F7880F911D7D
:10A100009695879597F90895E1E0660F771F881F68
:10A11000BB1F621773078407BA0720F0621B730B1B
:10A12000840BBA0BEE1F88F7E095089504D068946D
:10A13000B111B3C108957FD188F09F5790F0B92F26
:10A140009927B751A0F0D1F0660F771F881F991F8C
:10A150001AF0BA95C9F712C0B13081F09DD1B1E0C3
:10A1600008959AC1672F782F8827B85F39F0B93FD3
:10A17000CCF3869577956795B395D9F73EF490958E
:10A180008095709561957F4F8F4F9F4F0895E8940C
:10A1900009C097FB3EF490958095709561957F4F2F
:10A1A0008F4F9F4F9923A9F0F92F96E9BB279395DD
:10A1B000F695879577956795B795F111F8CFFAF4ED
:10A1C000BB0F11F460FF1BC06F5F7F4F8F4F9F4F1E
:10A1D00016C0882311F096E911C0772321F09EE87C
:10A1E000872F762F05C0662371F096E8862F70E0E2
:10A1F00060E02AF09A95660F771F881FDAF7880FBC
:10A200009695879597F9089530D180F09F3740F45F
:10A2100091110EF042C160E070E080E89FEB08957C
:10A2200026F41B16611D711D811D79C093C0A3D03A
:10A2300018F011F0A7D038F49BC02FC1E92FF3D04C
:10A24000B0F35523C9F3E7FB62177307840795073B
:10A25000A8F199F3E92FFF2788232AF03197660F99
:10A26000771F881FDAF7952F5527442332F0915036
:10A270005040220F331F441FD2F7BB27E91BF50BB9
:10A28000621B730B840BB109C1F222F4620F731FBE
:10A29000841FB11D31972AF0660F771F881FBB1FDF
:10A2A000EFCF915050405AF041F0882332F0660FC2
:10A2B000771F881F91505040C1F793954BC08695EA
:10A2C000779567959F5FD9F7F8CF990F0008550FDD
:10A2D000AA0BE0E8FEEF16161706E807F907C0F02C
:10A2E00012161306E407F50798F0621B730B840B34
:10A2F000950B39F40A2661F0232B242B252B21F40E
:10A3000008950A2609F4A140A6958FEF811D811DAD
:10A31000089597F99F6780E870E060E008958823CA
:10A3200071F4772321F09850872B762F07C066238E
:10A3300011F499270DC09051862B70E060E02AF04F
:10A340009A95660F771F881FDAF7880F969587957D
:10A3500097F908959F3F31F0915020F487957795B4
:10A360006795B795880F911D9695879597F90895EC
:10A370009FEF80EC089500240A941616170618061D
:10A380000906089500240A941216130614060506F9
:10A390000895EECF50D0E8F3E894E0E0BB279F5754
:10A3A000F0F02AED3FE049EC06C0EE0FBB0F661F50
:10A3B000771F881F28F0B23A62077307840728F0D6
:10A3C000B25A620B730B840BE3959A9572F780383F
:10A3D00030F49A95BB0F661F771F881FD2F79048FD
:10A3E000BBCF092E0394000C11F4882352F0BB0F4D
:10A3F00040F4BF2B11F460FF04C06F5F7F4F8F4F9D
:10A400009F4F0895EF93E0FF06C0A2EA2AED3FE0D8
:10A4100049EC5FEBC9DDE5DF0F90039401FC905838
:10A42000E4EEF0E098C157FD9058440F551F59F0E5
:10A430005F3F71F04795880F97FB991F61F09F3F31
:10A4400079F087950895121613061406551FF2CF5A
:10A450004695F1DF08C0161617061806991FF1CFAA
:10A4600086957105610508940895E5DFA0F0BEE7C3
:10A47000B91788F4BB279F3860F41616B11D672FF3
:10A48000782F8827985FF7CF869577956795B11DC8
:10A4900093959639C8F30895E894BB2766277727E4
:10A4A000CB0197F9089511DF08F48FEF08950BD0D1
:10A4B00098CF61DF28F066DF18F0952309F029CFE7
:10A4C00057CF1124EACFAFDFA0F3959FD1F3950FBB
:10A4D00050E0551F629FF001729FBB27F00DB11D28
:10A4E000639FAA27F00DB11DAA1F649F6627B00DB8
:10A4F000A11D661F829F2227B00DA11D621F739FA1
:10A50000B00DA11D621F839FA00D611D221F749FAE
:10A510003327A00D611D231F849F600D211D822FF5
:10A52000762F6A2F11249F5750408AF0E1F088233C
:10A530004AF0EE0FFF1FBB1F661F771F881F915049
:10A540005040A9F79E3F510570F0E3CEA6CF5F3F84
:10A55000ECF3983EDCF3869577956795B795F7957C
:10A56000E7959F5FC1F7FE2B880F911D9695879504
:10A5700097F90895FA01EE0FFF1F30962105310576
:10A5800099F16115710561F48038BFE39B0749F1CA
:10A5900068949038810561F08038BFEF9B0741F0E7
:10A5A000992342F5FF3FE1053105210511F1E894BA
:10A5B0000894E795D901AA2329F4AB2FBE2FF85FA1
:10A5C000D0F310C0FF5F70F4A695E0F7F73950F0B4
:10A5D00019F0FF3A38F49F779F930CD00F9007FC47
:10A5E000905808953EF0C4CE60E070E080E89FE3AC
:10A5F00008954FE79F775F934F933F932F93FED03C
:10A600002F913F914F915F9152DF4DC09F93C2DEDA
:10A610000F9007FCEE5FF6CE11F40EF4A9CE9ACEA1
:10A620000ADFD0F39923D9F3CEF39F57550B87FF59
:10A6300066D00024A0E640EA900180585695979590
:10A6400028F4805C660F771F881F20F026173707D5
:10A65000480730F4621B730B840B202931294A2BE5
:10A66000A69517940794202531254A2758F7660F99
:10A67000771F881F20F026173707480730F4620B32
:10A68000730B840B200D311D411DA09581F7B9017D
:10A69000842F9158880F96958795089519F40EF098
:10A6A00038CEFACE65CEC7DEC8F39638C0F707F8C5
:10A6B0000F92E8942BE33AEA48EB5FE706DF0F924C
:10A6C0000F920F924DB75EB70F92D8D0E2E0F1E053
:10A6D0001DD04F915F91EF91FF91E595EE1FFF1F08
:10A6E00049F0FE57E0684427EE0F441FFA95E1F762
:10A6F0004195550B4AD00F9007FE3EC008959150EA
:10A700005040660F771F881FD2F70895DF93CF93CD
:10A710001F930F93FF92EF92DF927B018C0168945D
:10A7200005C0DA2EEF01CFDEFE01E894A591259158
:10A73000359145915591AEF3EF0136DCFE0197015D
:10A74000A801DA9479F7DF90EF90FF900F911F91B5
:10A75000CF91DF9108959F938F937F936F93FF9392
:10A76000EF939B01AC01A3DEEF91FF91CFDF2F911F
:10A770003F914F915F919BCE9B01AC0160E070E0F7
:10A7800080E89FE36BCCC5CDE5CD55DEE8F399239A
:10A79000D9F3940F511DBBF39150504094F059F0F0
:10A7A000882332F0660F771F881F91505040C1F701
:10A7B0009E3F510544F7880F911D9695879597F90F
:10A7C00008955F3FACF0983E9CF0BB278695779547
:10A7D0006795B79508F4B1609395C1F7BB0F58F72B
:10A7E00011F460FFE8CF6F5F7F4F8F4F9F4FE3CF34
:10A7F00054CE0EF0AFCDBCCD68948BCD1CDEC8F32B
:10A800009923D1F3C6F3DF93CF931F930F93FF9256
:10A81000C92FDD2788232AF02197660F771F881F0D
:10A82000DAF720E030E040E85FEB9FE3883920F082
:10A83000803E30F021968F77A6DBEAE2F1E003C09C
:10A84000A2DBE7E5F1E062DF8B01BE01EC01FB2E4C
:10A850006F5771097595771F880B990B9ADC28E162
:10A8600032E741E35FE32FDEAF2D9801AE01FF90A9
:10A870000F911F91CF91DF9197DBB3CDFA01DC01EE
:10A88000AA0FBB1F9B01AC01BF5728F42227332717
:10A89000442750781FC0B75188F4AB2F0024469549
:10A8A00037952795011CA395D2F3002069F0220F5C
:10A8B000331F441FB395DAF30DD064CB61307105BB
:10A8C000A0E88A07B94630F49B01AC0166277727D8
:10A8D00088279078309621F02083318342835383F8
:10A8E00008951F920F920FB60F9211242F933F934A
:10A8F0008F939F93AF93BF938091F70A9091F80A3B
:10A90000A091F90AB091FA0A3091F60A23E0230FD8
:10A910002D3758F50196A11DB11D2093F60A80939D
:10A92000F70A9093F80AA093F90AB093FA0A809173
:10A93000FB0A9091FC0AA091FD0AB091FE0A0196D3
:10A94000A11DB11D8093FB0A9093FC0AA093FD0A00
:10A95000B093FE0ABF91AF919F918F913F912F913C
:10A960000F900FBE0F901F90189526E8230F0296A8
:10A97000A11DB11DD2CF3FB7F8948091FB0A9091F1
:10A98000FC0AA091FD0AB091FE0A26B5A89B05C05D
:10A990002F3F19F00196A11DB11D3FBFBA2FA92F5E
:10A9A000982F8827BC01CD01620F711D811D911D5B
:10A9B00042E0660F771F881F991F4A95D1F70895C7
:10A9C0008F929F92AF92BF92CF92DF92EF92FF92BF
:10A9D0006B017C01D0DF4B015C01C114D104E104A7
:10A9E000F104D9F0D2D5C7DF681979098A099B0922
:10A9F000683E73408105910580F321E0C21AD108B9
:10AA0000E108F10888EE880E83E0981EA11CB11CB5
:10AA1000C114D104E104F10431F7FF90EF90DF900D
:10AA2000CF90BF90AF909F908F900895789484B509
:10AA3000826084BD84B5816084BD85B5826085BD3A
:10AA400085B5816085BDEEE6F0E080818160808320
:10AA5000E1E8F0E010828081826080838081816003
:10AA60008083E0E8F0E0808181608083E1EBF0E0CA
:10AA7000808184608083E0EBF0E08081816080836E
:10AA8000E1E9F0E080818260808380818160808361
:10AA9000E0E9F0E0808181608083E1EAF0E080819C
:10AAA00082608083808181608083E0EAF0E0808141
:10AAB00081608083E1E2F1E0808182608083808137
:10AAC00081608083E0E2F1E0808181608083EAE759
:10AAD000F0E08081846080838081826080838081D7
:10AAE000816080838081806880831092C100089596
:10AAF000863308F0865320917B00982F9870277F2B
:10AB0000922B90937B0020911D0490E4299F90014B
:10AB100011248770822B80937C0080917A0080645E
:10AB200080937A0080917A0086FDFCCF8091780036
:10AB30009091790008951F93CF93DF93182FEB0125
:10AB400061E033D1209731F460E0812FDF91CF9124
:10AB50001F9167C1CF3FD10511F461E0F6CFE12F1E
:10AB6000F0E0EC57FE4FE491E150E23108F0B2C062
:10AB7000F0E08827E254FA4A8F4F3EC5D055D855A9
:10AB8000DD55E755F1556A56FB5503560B561556DC
:10AB90001F562956385642566A564C5656566056D7
:10ABA00084B5806884BDC7BDDF91CF911F910895A2
:10ABB00084B5806284BDC8BDF7CF80918000806875
:10ABC00080938000D0938900C0938800EDCF80915E
:10ABD0008000806280938000D0938B00C0938A00B5
:10ABE000E3CF80918000886080938000D0938D00B7
:10ABF000C0938C00D9CF8091B00080688093B00062
:10AC0000C093B300D1CF8091B00080628093B00038
:10AC1000C093B400C9CF8091900080688093900069
:10AC2000D0939900C0939800BFCF8091900080622C
:10AC300080939000D0939B00C0939A00B5CF8091F1
:10AC40009000886080939000D0939D00C0939C00FA
:10AC5000ABCF8091A00080688093A0008091A0007D
:10AC60008F7B8093A000D093A900C093A8009CCFB5
:10AC70008091A00080628093A000D093AB00C0932D
:10AC8000AA0092CF8091A00088608093A000D0930A
:10AC9000AD00C093AC0088CF809120018068809384
:10ACA0002001D0932901C09328017ECF80912001FB
:10ACB000806280932001D0932B01C0932A0174CF2E
:10ACC00080912001886080932001D0932D01C09352
:10ACD0002C016ACFC038D1050CF03FCF35CF815061
:10ACE000823108F059C0E82FF0E08827E658F94A89
:10ACF0008F4F82C49A569E568C5692569656CC5674
:10AD0000A156A756AB56B156B556B956BF56C356FF
:10AD1000CC56C756CD56D156809180008F77809300
:10AD200080000895809180008F7DF9CF8091800010
:10AD3000877FF5CF84B58F7784BD089584B58F7DE7
:10AD4000FBCF8091B0008F778093B0000895809101
:10AD5000B0008F7DF9CF809190008F778093900025
:10AD60000895809190008F7DF9CF80919000877F2A
:10AD7000F5CF8091A0008F778093A00008958091F7
:10AD8000A0008F7DF9CF8091A000877FF5CF8091C3
:10AD900020018F77809320010895809120018F7D7D
:10ADA000F9CF80912001877FF5CFCF93DF9390E09B
:10ADB000FC01E653FE4F2491805F9D4FFC0184917E
:10ADC0008823C9F090E0880F991FFC01E059FD4FDE
:10ADD000A591B491FC01EA5AFD4FC591D49161113E
:10ADE0000DC09FB7F8948C91209582238C93888115
:10ADF000282328839FBFDF91CF910895623051F4BB
:10AE00009FB7F8943C91822F809583238C93E8819F
:10AE10002E2BEFCF8FB7F894EC912E2B2C938FBF66
:10AE2000EACF1F93CF93DF93282F30E0F901EC573F
:10AE3000FE4F8491F901E653FE4FD491F901E05F92
:10AE4000FD4FC491CC23A1F0162F811148DFEC2FC8
:10AE5000F0E0EE0FFF1FEA5AFD4FA591B4918FB7B6
:10AE6000F894EC91111108C0D095DE23DC938FBFCC
:10AE7000DF91CF911F910895DE2BF8CFFC01918DCA
:10AE8000228D892F90E0805C9F4F821B91098F73E8
:10AE900099270895FC01918D828D981731F0828D4C
:10AEA000E80FF11D858D90E008958FEF9FEF0895D5
:10AEB000FC01918D828D981761F0A28DAE0FBF2F8E
:10AEC000B11D5D968C91928D9F5F9F73928F90E0E4
:10AED00008958FEF9FEF0895FC01538D448D252F2A
:10AEE00030E0842F90E0821B930B541710F0CF9624
:10AEF000089501970895FC01A48DA80FB92FB11DE5
:10AF0000A35ABF4F2C91848D90E001968F7399279F
:10AF1000848FA689B7892C93A089B1898C9183707D
:10AF200080648C93938D848D981306C00288F38976
:10AF3000E02D80818F7D80830895CF93DF93EC0196
:10AF4000888D8823B1F0AA89BB89E889F9898C9119
:10AF500085FD03C0808186FD0CC00FB607FCF7CFCE
:10AF60008C9185FFF2CF808185FFEDCFCE01C3DFCD
:10AF7000EACFDF91CF910895EF92FF920F931F9345
:10AF8000CF93DF93EC0181E0888F9B8D8C8D98139C
:10AF90001AC0E889F989808185FF15C09FB7F894A8
:10AFA000EE89FF896083E889F989808183708064F4
:10AFB00080839FBF81E090E0DF91CF911F910F913F
:10AFC000FF90EF900895F62E0B8D10E00F5F1F4F4E
:10AFD0000F731127E02E8C8D8E110BC00FB607FC5E
:10AFE000FACFE889F989808185FFF5CFCE0183DF2B
:10AFF000F2CFEB8DEC0FFD2FF11DE35AFF4FF082E6
:10B000009FB7F8940B8FEA89FB8980818062D0CF4B
:10B01000CF92DF92EF92FF921F93CF93DF93EC01D9
:10B020006A017B01122FE889F98982E08083C114CB
:10B0300081EED806E104F10499F060E079E08DE357
:10B0400090E0A7019601B6D221503109410951097A
:10B050005695479537952795211580E1380790F04B
:10B06000E889F989108260E874E88EE190E0A70130
:10B070009601A0D2215031094109510956954795B1
:10B0800037952795EC85FD853083EE85FF852083F8
:10B09000188EEC89FD891083EA89FB8980818061A3
:10B0A0008083EA89FB89808188608083EA89FB89C3
:10B0B000808180688083EA89FB8980818F7D80839D
:10B0C000DF91CF911F91FF90EF90DF90CF90089587
:10B0D0001F920F920FB60F9211240BB60F922F935F
:10B0E0008F939F93EF93FF93E0910F0BF091100BD1
:10B0F0008081E091150BF091160B82FD1DC09081AF
:10B100008091180B8F5F8F732091190B821741F07C
:10B11000E091180BF0E0E150F54F958F8093180BFC
:10B12000FF91EF919F918F912F910F900BBE0F90F8
:10B130000FBE0F901F9018958081F2CF1F920F9233
:10B140000FB60F9211240BB60F922F933F934F938C
:10B150005F936F937F938F939F93AF93BF93EF937F
:10B16000FF938FEF9AE0C7DEFF91EF91BF91AF9110
:10B170009F918F917F916F915F914F913F912F910F
:10B180000F900BBE0F900FBE0F901F901895EFEF12
:10B19000FAE01382128288EE93E0A0E0B0E08483AC
:10B1A0009583A683B7838BEE94E09183808385ECAF
:10B1B00090E09587848784EC90E09787868780EC81
:10B1C00090E0918B808B81EC90E0938B828B82EC72
:10B1D00090E0958B848B86EC90E0978B868B118E1C
:10B1E000128E138E148E08951F920F920FB60F9227
:10B1F00011240BB60F922F938F939F93EF93FF938E
:10B20000E091AC0BF091AD0B8081E091B20BF0912D
:10B21000B30B82FD1DC090818091B50B8F5F8F7342
:10B220002091B60B821741F0E091B50BF0E0E456A7
:10B23000F44F958F8093B50BFF91EF919F918F9174
:10B240002F910F900BBE0F900FBE0F901F9018956F
:10B250008081F2CF1F920F920FB60F9211240BB67E
:10B260000F922F933F934F935F936F937F938F939F
:10B270009F93AF93BF93EF93FF938CE99BE03BDEEB
:10B28000FF91EF91BF91AF919F918F917F916F91BE
:10B290005F914F913F912F910F900BBE0F900FBE7A
:10B2A0000F901F901895ECE9FBE01382128288EE54
:10B2B00093E0A0E0B0E084839583A683B7838BEE10
:10B2C00094E0918380838DEC90E0958784878CEC6B
:10B2D00090E09787868788EC90E0918B808B89EC53
:10B2E00090E0938B828B8AEC90E0958B848B8EEC34
:10B2F00090E0978B868B118E128E138E148E08958C
:10B300001F920F920FB60F9211240BB60F922F932C
:10B310008F939F93EF93FF93E091490CF0914A0C28
:10B320008081E0914F0CF091500C82FD1DC0908106
:10B330008091520C8F5F8F732091530C821741F0D4
:10B34000E091520CF0E0E75CF34F958F8093520C44
:10B35000FF91EF919F918F912F910F900BBE0F90C6
:10B360000FBE0F901F9018958081F2CF1F920F9201
:10B370000FB60F9211240BB60F922F933F934F935A
:10B380005F936F937F938F939F93AF93BF93EF934D
:10B39000FF9389E39CE0AFDDFF91EF91BF91AF9107
:10B3A0009F918F917F916F915F914F913F912F91DD
:10B3B0000F900BBE0F900FBE0F901F901895E9E3F2
:10B3C000FCE01382128288EE93E0A0E0B0E0848378
:10B3D0009583A683B7838BEE94E09183808385ED7C
:10B3E00090E09587848784ED90E09787868780ED4D
:10B3F00090E0918B808B81ED90E0938B828B82ED3E
:10B4000090E0958B848B86ED90E0978B868B118EE8
:10B41000128E138E148E08951F920F920FB60F92F4
:10B4200011240BB60F922F938F939F93EF93FF935B
:10B43000E091E60CF091E70C8081E091EC0CF0914A
:10B44000ED0C82FD1DC090818091EF0C8F5F8F739A
:10B450002091F00C821741F0E091EF0CF0E0EA52FD
:10B46000F34F958F8093EF0CFF91EF919F918F9108
:10B470002F910F900BBE0F900FBE0F901F9018953D
:10B480008081F2CF1F920F920FB60F9211240BB64C
:10B490000F922F933F934F935F936F937F938F936D
:10B4A0009F93AF93BF93EF93FF9386ED9CE023DDD3
:10B4B000FF91EF91BF91AF919F918F917F916F918C
:10B4C0005F914F913F912F910F900BBE0F900FBE48
:10B4D0000F901F901895E6EDFCE01382128288EE23
:10B4E00093E0A0E0B0E084839583A683B7838BEEDE
:10B4F00094E09183808385E391E09587848784E35A
:10B5000091E09787868780E391E0918B808B81E340
:10B5100091E0938B828B82E391E0958B848B86E321
:10B5200091E0978B868B118E128E138E148E089558
:10B53000AF92BF92CF92DF92EF92FF920F931F9341
:10B54000CF93DF936C017B018B01040F151FEB017F
:10B550005E01AE18BF08C017D10759F06991D60136
:10B56000ED91FC910190F081E02DC6011995892B98
:10B5700079F7C501DF91CF911F910F91FF90EF9067
:10B58000DF90CF90BF90AF9008950895AA1BBB1B8A
:10B5900051E107C0AA1FBB1FA617B70710F0A61BD3
:10B5A000B70B881F991F5A95A9F780959095BC01F4
:10B5B000CD010895A1E21A2EAA1BBB1BFD010DC0EF
:10B5C000AA1FBB1FEE1FFF1FA217B307E407F50753
:10B5D00020F0A21BB30BE40BF50B661F771F881F2F
:10B5E000991F1A9469F760957095809590959B01C5
:10B5F000AC01BD01CF010895EE0FFF1F881F8BBF67
:10B600000790F691E02D199409D0A59F900DB49F55
:10B61000900DA49F800D911D11240895A29FB0014B
:10B62000B39FC001A39F700D811D1124911DB29F76
:10B63000700D811D1124911D0895FB01DC0102C0D4
:10B6400001900D9241505040D8F70895DC0101C09F
:0EB650006D9341505040E0F70895F894FFCFFD
:10B65E000000403F0000403F0000403F0000403FE0
:10B66E000000403F0000403F0000000000000000CE
:10B67E000000000000000000000000000000003F7D
:10B68E000000003F0000003F0000003F0000003FB0
:10B69E000000003F0000000000000000000000005D
:10B6AE00000000000000000000000000000000008C
:10B6BE000000803F00002F4300002F4300002F4367
:10B6CE0000002F4300002F4300002F430000000016
:10B6DE00000000000000000000000000000000005C
:10B6EE00000000000000000000000000000000004C
:10B6FE00000000000000000000000000000000003C
:10B70E00000000000000803F00000000000000006C
:10B71E000C020B3E0C020B3E00000000AA7D3A3FCD
:10B72E000000C83D000000000C020B3E0C020B3E58
:10B73E0000000000AA7D3A3F0000C83D0000000056
:10B74E000C020B3E0C020B3E00000000AA7D3A3F9D
:10B75E000000C83D000000000C020B3E0C020B3E28
:10B76E0000000000AA7D3A3F0000C83D0000000026
:10B77E000C020B3E0C020B3E00000000AA7D3A3F6D
:10B78E000000C83D000000000C020B3E0C020B3EF8
:10B79E0000000000AA7D3A3F0000C83D00007F4334
:10B7AE000AD7233C0000C84200005C4300000000A2
:10B7BE000000A0406666E63E00007F430AD7233CA9
:10B7CE000000C84200005C43000000000000A040E2
:10B7DE006666E63E00007F430AD7233C0000C8425F
:10B7EE0000005C43000000000000A0406666E63EDC
:10B7FE0000007F430AD7233C0000C84200005C4390
:10B80E00000000000000A0406666E63E00007F4398
:10B81E000AD7233C0AD7233C00005C4300000000FB
:10B82E000000A0406666E63E00007F430AD7233C38
:10B83E000000C84200005C43000000000000A04071
:10B84E006666E63EFEFFFFFF01E8030000FFFF0015
:10B85E00000000FFFFFFFFFFFFFFFFFFFF010002E1
:10B86E00000200400038001000FFFFFFFF01466994
:10B87E0078656453746570446973637265746500AA
:10B88E0001000000004D51A53F920A064038B35802
:10B89E0040920A8640E55EAF40F366DF3E21EF5AE6
:10B8AE003F70F721405AC63C40010194407668A192
:10B8BE0040B805FF0066389238FE004C38CA35FD98
:10B8CE0000DE373838FC002438CA35F6001539CA80
:10B8DE0035F500EB375439F400DE386B39DE00A74E
:10B8EE003D4440DD00183FCA35DA003C3B443BD9AD
:10B8FE00005F40543BE200243ACA35E1005F3ACA89
:10B90E0035E000D43ACA35D6004444CA35D500F5E0
:10B91E003CCA35D400813CCA35D300F23BCA35DC73
:10B92E0000633BCA35C0006B3BCA35F000AD44CA5C
:10B93E0035ED006A44CA3500000000BC57985A6CB9
:0AB94E00579D573E5758574A5700BF
:00000001FF
